Column1	Column2		Column2	
@elonmusk	377		1	3397
@rachjuramirez	45		2	480
@AOC	29		3	203
@Veritatem2021	29		4	144
@brandondaly2018	25		5	31
@ejwwest	24		6	22
@FoxNews	24		7	47
@RushhourP	24		8	14
@atmoore68	23		9	7
@ChrisBBacon3	23		10	8
@NVAWin	23		11	5
@stephensemler	23		12	4
@MedBennett	22		13	5
@MikeDel21893959	21		14	5
@Barbarajdurkin	20		15	3
@BrknMan	20		16	6
@Narvuntien	20		17	23
@POTUS	20		18	6
@StormSignalSA	20		20	5
@DawnTJ90	18		21	1
@IngersolRobert	18		22	1
@Michael_D_Crow	18		23	4
@MichaelEMann	18		24	3
@priscian	18		25	1
@scrowder	18		29	2
@benshapiro	17		45	1
@BlasphemousBan1	17		377	1
@Canadianworker2	17			
@ClimateHuman	17			
@GeraldKutney	17			
@GretaThunberg	17			
@HappensClimate	17			
@HsuRina1	17			
@hughjarse5	17			
@jgorman2424	17			
@JimBlack48	17			
@keithamccluskey	17			
@njbtweet	17			
@NoelTurner194	17			
@oakden_wolf	17			
@OscarsWild1	17			
@pauladamsalber1	17			
@RickLazzarini	17			
@rln_nelson	17			
@robhon_	17			
@variegated2	17			
@WeAreShortOTime	17			
@WutinPladimir	17			
@GlennCarr6	16			
@IanDJbrown2	16			
@KriteeKanko	16			
@MarshallCd	16			
@WayneAllanH	16			
@wlbeeton	16			
@BubbasRanch	15			
@Hakimi82421476	15			
@TheDisproof	15			
@briantylercohen	14			
@ClimateSkeptic4	14			
@Gladfly1	14			
@insane_voice	14			
@Kenneth72712993	14			
@CocaCola	13			
@HalBrow68884227	13			
@Marcusgibson	13			
@RBReich	13			
@waitbutwhy	13			
@BointonGiles	12			
@Climatehope2	12			
@drochir_thonnuk	12			
@jimdtweet	12			
@JoeBiden	11			
@NoLieWithBTC	11			
@nytimes	11			
@thehill	11			
@Twitter	11			
@ArubaaJamaica	10			
@eric_flesch	10			
@Hakimi09966557	10			
@MsBlaireWhite	10			
@N3S73	10			
@ridgesnana	10			
@Robert76907841	10			
@wilson6923	10			
@BeachDog15	9			
@ClimateBen	9			
@EcoSenseNow	9			
@JustinTrudeau	9			
@KeillerDon	9			
@Manoj_Kumar_SM	9			
@Moderna5G_666	9			
@bobathon	8			
@BradPKeyes	8			
@DonaldJTrumpJr	8			
@FriendsOScience	8			
@JustStop_Oil	8			
@KCTaz	8			
@KyivIndependent	8			
@lagertha66	8			
@physicsJ	8			
@pmarca	8			
@SadhguruJV	8			
@StephenKing	8			
@TaroIstok	8			
@Yash_252k3	8			
@aDissentient	7			
@Alyssa_Milano	7			
@Annie20554592	7			
@B_Bolshevik100	7			
@BeeAsMarine	7			
@BJChippindale	7			
@Bos77	7			
@BrianTu85458331	7			
@Convict025	7			
@cosaingalway	7			
@coug62	7			
@DanCady	7			
@ECOWARRIORSS	7			
@EDavidAn	7			
@EdBohman	7			
@EliotJacobson	7			
"@elonmusk"""	7			
@EPA	7			
@FChecker76	7			
@GadSaad	7			
@HiFiWhiPhi	7			
@HouseDemocrats	7			
@jbonbon91	7			
@Jim_Jordan	7			
@JimBowersclimb	7			
@johnson_wrjohn1	7			
@JoyVBehar	7			
@jwickers	7			
@kevinhayes54	7			
@LesJohnsonHrvat	7			
@MathewMoisture	7			
@mattyglesias	7			
@MhehedZherting	7			
@Mon4Kooyong	7			
@moonrakin	7			
@MorseBart	7			
@outsanest	7			
@OzzmanOsgood	7			
@PMOIndia	7			
@PorchProgram	7			
@quieroserabuela	7			
@RadioFreeTom	7			
@RHMcK1	7			
@Robin_Hagues	7			
@rpini	7			
@suffect	7			
@timoteo0167	7			
@25_cycle	6			
@BillGates	6			
@BillyM2k	6			
@BrexitMania	6			
@camburgerstein	6			
@canncr	6			
@Chevrium	6			
@Climate_Takes	6			
@Donn2021	6			
@ExtinctionR	6			
@GOP	6			
@guy_freire	6			
@IPCC_CH	6			
@LBC	6			
@MartinJBern	6			
@MatthewWielicki	6			
@narendramodi	6			
@nubbins7	6			
@ScottMorrisonMP	6			
@USPS	6			
@wef	6			
@zgvisualz1	6			
@ACTBrigitte	5			
@Anvndarnamn5	5			
@AristotleMrs	5			
@Ayishas12	5			
@BarackObama	5			
@cannotbeblank77	5			
@Ceist8	5			
@climate200	5			
@CNBC	5			
@colewist	5			
@CopernicusEU	5			
@ErikSolheim	5			
@Freedom77497642	5			
@GBNEWS	5			
@Greenpeace	5			
@ItsTheAtmospher	5			
@Jaisans	5			
@joshtpm	5			
@LiIiannaaa	5			
@Militant_Gnomes	5			
@mkolken	5			
@MonicaCrowley	5			
@mynropmail	5			
@rohini_sgh	5			
@RustyAway	5			
@stockypig	5			
@TuckerCarlson	5			
@WholeMarsBlog	5			
@wilburcobb8	5			
@wille99	5			
@YouTube	5			
@0Sundance	4			
@28delayslater	4			
@3GHtweets	4			
@9livez1	4			
@AggressiveDem	4			
@AlboMP	4			
@AlexEpstein	4			
@ammocrypta	4			
@APompliano	4			
@AuroriaTwittori	4			
@avertexofmyown	4			
@BailFund_Brawl	4			
@Basia1953Babs	4			
@bay_shoe	4			
@BBCScienceNews	4			
@begtosniffer	4			
@BenjaminYumi8	4			
@Bigteethyouhave	4			
@BreakfastNews	4			
@Catherinemonks3	4			
@CeeJLiv	4			
@chan_leeze	4			
@cjtjgeol	4			
@CleeseRaymond	4			
@climat_change	4			
@CNN	4			
@CTVNews	4			
@DamienHamilto17	4			
@DegenWoke	4			
@Desi_FLA	4			
@dfbeck44	4			
@DoesThisW0rk	4			
@domipalmer	4			
@DTGvmd	4			
@duty2warn	4			
@edburmila	4			
@Emma34770971	4			
@emmanue00857463	4			
@EnrelChi	4			
@EricWil06256732	4			
@EthonRaptor	4			
@extremetemps	4			
@FD2you	4			
@football_56OL	4			
@GeorgeTakei	4			
@glinch72	4			
@GovInslee	4			
@GrieveNSpin	4			
@gstrandberg1	4			
@Hakimi45926227	4			
@hansonDigby	4			
@Hji45519156	4			
@icecube	4			
@IGN	4			
@ImMetaverseMaxi	4			
@J0aquIm_B4rb0s4	4			
@Jakegsm	4			
@JayneDeering	4			
@Jc_1978	4			
@JeffBezos	4			
@JeffOnTheRight	4			
@jeffschlueter1	4			
@Jennie_SC1	4			
@Jennife99766325	4			
@JeremyDBoreing	4			
@JimlikesBB	4			
@JoshFrydenberg	4			
@JuliaHB1	4			
@JustThi30117912	4			
@KaraJarina	4			
@kare11	4			
@KennedyNation	4			
@LadyDead4u2	4			
@liewbob	4			
@lizgulaz	4			
@lizstl13	4			
@Loveamethyst90	4			
@MadDogMAGA76	4			
@Mainecoonman	4			
@MariusFrost11	4			
@Mark_A_Lunn	4			
@Met4CastUK	4			
@michaelshermer	4			
@mikepompeo	4			
@MollyJongFast	4			
@MoonlightNfts	4			
@NakabuyeHildaF	4			
@ncdave4life	4			
@neels_roy	4			
@no2wind	4			
@NolteNC	4			
@nypost	4			
@PaulDFarrar	4			
@paulp1232	4			
@Peace4Patriots_	4			
@PierrePoilievre	4			
@PiratePic	4			
@pithypacky	4			
@PRM13001813	4			
@rachaelvenables	4			
@RealDoctorT	4			
@ReganLieutenant	4			
@RepMTG	4			
@RepublicanRehab	4			
@ResusCGMedia	4			
@RijpeW	4			
@rpeterson2317	4			
@S_D_Mannix	4			
@s_shreyatweets	4			
@SandraNotSandy1	4			
@SaveThe_Ukraine	4			
@SenWarren	4			
@sharonrfw	4			
@ShroedingerBird	4			
@Sky48115666	4			
@SpeakerPelosi	4			
@Spillkid2	4			
@Stephen90045069	4			
@StephenM	4			
@stevenmosher	4			
@StirredCrazy	4			
@StopCambo	4			
@SumatraSue	4			
@T_Sorrensson777	4			
@Tesla	4			
@TheDemocrats	4			
@TheHillOpinion	4			
@TheyCallMe_LR	4			
@thinks_about_it	4			
@Timcast	4			
@unknownplebeian	4			
@Utleyjacobite	4			
@Valja46Zhark5	4			
@vonhowland	4			
@wallisweaver	4			
@WalshFreedom	4			
@WeAreSoFracked	4			
@WeDontHaveTime	4			
@What_Doubelieve	4			
@WHurensohn	4			
@Willard1951	4			
@Woody4123	4			
@wraythe187	4			
@Ziyech64802551	4			
@1000Frolly	3			
@1andrewbear	3			
@2_drac	3			
@3sticksCGCS	3			
@account_thirst	3			
@adamvaughan_uk	3			
@ade0	3			
@AdiGaskell	3			
@AlaMerQld	3			
@AlbertaLeonidas	3			
@alexhern	3			
@AlexVickeryHowe	3			
@algore	3			
@alshadowdancer	3			
@AmitShah	3			
@Andy51115454	3			
@angry_mema	3			
@AngryFleas	3			
@ANI	3			
"@anjisalvacion"""	3			
@art_interesting	3			
@AShukkla	3			
@baddanadanabad	3			
@ballardsigns	3			
@BallsackSports	3			
@Bananenrijperij	3			
@BenMorse8	3			
@Billenjoylife	3			
@Brandonluco	3			
@BuildBetta	3			
@BurtonCoggles27	3			
@cameronnight11	3			
@casbeataol	3			
@cathmckenna	3			
@CBhattacharji	3			
@ceidwadol	3			
@charliedaniel06	3			
@cieloyla	3			
@CountDankulaTV	3			
@cpsavesoil	3			
@Dardedar	3			
@Data79504085	3			
@dd1957b3f4394dc	3			
@DearAuntCrabby	3			
@DerekBarge	3			
@DGinCheshire	3			
@DianeDenizen	3			
@DigDougFTW	3			
@DunsanyJack	3			
@dux_ii	3			
@EamonRyan	3			
@ElectricElecti1	3			
@ElQuesoSabio	3			
@EmmanuelMacron	3			
@EricLupherCO	3			
@esaagar	3			
@EuroBiotechNews	3			
@euronewsgreen	3			
@EverythingDoubt	3			
@FeeFieFoeCum	3			
@franmcnulty	3			
@fred_rulz	3			
@FreedomClique	3			
@garner_forest	3			
@Geoff4273	3			
@gmarshall1965	3			
@GnutzDeez	3			
@Godslightangel7	3			
@GovRonDeSantis	3			
@greenpeace	3			
@gregchoat	3			
@gretchenwhitmer	3			
@GryllsMaitreya	3			
@HamRadioJoe	3			
@Homer4K	3			
@howienudet	3			
@HtServadac	3			
@Huckleberry1023	3			
@HuntersArtWork	3			
@HuntsonMark	3			
@IBergwiesel	3			
@imperialcollege	3			
@izmks16	3			
@IZMKS44	3			
@JAlan21813286	3			
@JamesCa70626795	3			
@JamesLauder12	3			
@JBalsich	3			
@jbizzy6969	3			
@jimaw63	3			
@jmoser9	3			
@JoePompliano	3			
@JohnWDean	3			
@JorgeSoros7	3			
@Karina00129676	3			
@kateconger	3			
@Kathryn08004825	3			
@kernowbeaver	3			
@KevinMKruse	3			
@kisiangani_ken	3			
@Klee34036780	3			
@koskela_	3			
@Kris98111987	3			
@kylenabecker	3			
@latimes	3			
@laurenboebert	3			
@LaurenSHirsch	3			
@lavern_spicer	3			
@Lef_iv	3			
@lexfridman	3			
@lhfang	3			
@LifeNyc2	3			
@LiveVeganSmart	3			
@Locuppadoc	3			
@lostandlovinit	3			
@marcorubio	3			
@MarvinDunn4	3			
@MattAAW	3			
@MattGla43952282	3			
@matthew_d_green	3			
@mbpuskar	3			
@mehdirhasan	3			
@MiaZingg	3			
@MikeD_PA	3			
@MikeHudema	3			
@MJB24681	3			
@mjthebemjay	3			
@MohamedNasheed	3			
@morrismd1918	3			
@mulindwa_guy	3			
@MusubiBrand	3			
@najjar_richard	3			
@NatForTrump2024	3			
@NBPAustralia	3			
@NdabaningiMoyo	3			
@NickAPalmer	3			
@Niggledom	3			
@ninaturner	3			
@nitros1954	3			
@Noahpinion	3			
@NoMIoldcrone	3			
@NotPotBol	3			
@novakglobal	3			
@nytimesevents	3			
@OrwellNGoode	3			
@Osprey0	3			
@Over400ppm	3			
@PaprikaLady	3			
@PETERSARLENE	3			
@pittguy122	3			
@PPathole	3			
@Q_Estrada	3			
@rachelrowell	3			
@rebelvanhalen	3			
@ReedTimmerAccu	3			
@riktheozfrog	3			
@rmack2x	3			
@Roblox	3			
@RogerHelmerMEP	3			
@RonFancy	3			
@RonFilipkowski	3			
@rosmadiwahab	3			
@RoyPentland	3			
@Ruud_Brouwer	3			
@SalsaPrice	3			
@SaraGonzalesTX	3			
@sehamburger	3			
@sentdefender	3			
@severeweatherEU	3			
@sheeraf	3			
@ShellyRKirchoff	3			
@socialwrker22	3			
@SomehowHopeful	3			
@stevensongs	3			
@sunfloweryell0w	3			
@TaiDecker	3			
@TakeThatDarwin	3			
@tallnblonde1	3			
@TastyMorsel6	3			
@tedbrassfield	3			
@tessyursine	3			
@TH0JENSEN	3			
@TimRunsHisMouth	3			
@TKevin6710	3			
@TobyRayEnglish	3			
@TomasMa16498730	3			
@TomFitton	3			
@TPCarney	3			
@TQMKA	3			
@TuggieTarantino	3			
@Txsgntlmn737	3			
@UAW	3			
@UN	3			
@VeganReign	3			
@VickiBevins	3			
@VinceGottalotta	3			
@vinniediego	3			
@visegrad24	3			
@waltermasterson	3			
@waltshaub	3			
@weatherchannel	3			
@WeatherMatrix	3			
@WMO	3			
@_gawdy_	2			
@10DowningStreet	2			
@1People1Planet8	2			
@21stCenturyWire	2			
@6abc	2			
@6lennybravo	2			
@8BrianVogel4	2			
@A_siddique79	2			
@abcnews	2			
@AbiluTangwa	2			
@Acosta	2			
@acoyne	2			
@AFreeQueen	2			
@aguleB	2			
@AGWHappensNow	2			
@airnewsalerts	2			
@AJDillen1	2			
@Ajohnso50141696	2			
@amandalaurenm	2			
@AmanpourCoPBS	2			
@amazonwatch	2			
@andersostlund	2			
@anna_lillith	2			
@AnonUKCitizen	2			
@antonioguterres	2			
@AP	2			
@ApibOficial	2			
@AriNatter	2			
@ArthurDelaneyHP	2			
@ArvindKejriwal	2			
@aSinister	2			
@baltree	2			
@barath_Msd07	2			
@BarbaraHigher2	2			
@BarbaraNavarro	2			
@barnes_law	2			
@barriecassidy	2			
@BBCNews	2			
@Bencjacobs	2			
@BenFordham	2			
@BethanyCherisse	2			
@bgyo_ph	2			
"@bgyo_ph"""	2			
@bigthunderlips	2			
@BitcoinShorty	2			
@Bobby_Network	2			
@BobSmit21815067	2			
@BonnahKimmy	2			
@boocles42	2			
@boringcompany	2			
@BorisJohnson	2			
@BoycottPalmOil	2			
@BoylandM6	2			
@BradSwan18	2			
@BreitbartNews	2			
@brookaveli	2			
@BSBonner	2			
@business	2			
@BusinessInsider	2			
@Buster88072979	2			
@BuzzChains	2			
@CaelliJohnson	2			
@capdc	2			
@cathyby	2			
@cbschicago	2			
@ccowboy723	2			
@CDCgov	2			
@cenkuygur	2			
@ChadGravallese	2			
@CharleneTeglia	2			
@CharmStrange9	2			
@CheriJacobus	2			
@Chortling_Man	2			
@chrissmithonair	2			
@Cindy_Banyai_FL	2			
@CindyKendrick11	2			
@cindylynn_	2			
@Clarissima5	2			
@ClayTravis	2			
@CleanAirMoms	2			
@climate	2			
@ClimateCatastr3	2			
@ClimateDepot	2			
@ClogherSeamus	2			
@condimentset	2			
@ConraddKonnrad	2			
@Conservatives	2			
@CorkyChris1	2			
@CraigKellyMP	2			
@craigthomler	2			
@Cristine_yx	2			
@cryptowala65	2			
@CuccioT	2			
@curation	2			
@DaddyDragon15	2			
@damagedonegr	2			
@DamienSomerset	2			
@dan75198621	2			
@DaniAlmazan_	2			
@Danime9071	2			
@DanRather	2			
@DarcyEskra1	2			
@Darkmnemonic	2			
@darrengrimes_	2			
@DavidDeutschOxf	2			
@davidhogg111	2			
@DDNewslive	2			
@Deborah51485314	2			
@deborahskyrim	2			
@default_dad	2			
@DefenceHQ	2			
@DerekCoates	2			
@DeshawnFe1992	2			
@DHANI2910	2			
@dharmieKING	2			
@dickc	2			
@digbymuni	2			
@disclosetv	2			
@DJJASONJOY1	2			
@DocJeffD	2			
@dockaurG	2			
@DPBeachNY	2			
@drsimonegold	2			
@DrTrillions	2			
@drvandanashiva	2			
@Dub_Wizzer	2			
@e0nxamz	2			
@Eco1stArt	2			
@egert_ethan	2			
@elcine19	2			
@ElektraMadrigan	2			
@EllsBellsInPA	2			
@Elmamabear	2			
@ElonMusk	2			
@emmecola	2			
@energyisle	2			
@Erdensohn1	2			
@euphoricEmbryo	2			
@eyan_badoo	2			
@fastertweets	2			
@FD03955088	2			
@fern_60	2			
@ferruccio_juan	2			
@fishyfish67	2			
@fitomnivore	2			
@FlyersLiberty	2			
@fox12oregon	2			
@FrankLuntz	2			
@fredcuy1	2			
@friends_earth	2			
@Fueldog3	2			
@GaiasEarth	2			
@GailOrganic	2			
@garyarmour79	2			
@GaryGensler	2			
@gavmorris	2			
@GeorgeMonbiot	2			
@GerardDelaney39	2			
@GertrudesLarkin	2			
@GiftoftheGivers	2			
@gigz_saw	2			
@GMB	2			
@GMOsbad	2			
@GrandpaSteve	2			
@greese912	2			
@greg16676935420	2			
@GregAbbott_TX	2			
@greggnunziata	2			
@gregkellyusa	2			
@GuyBrownWeather	2			
@hadiza_gaillard	2			
@happyenchilada_	2			
@hari	2			
@Hasan08931491	2			
@HiHihaps	2			
@HilbillyLiberal	2			
@HouseGOP	2			
@HowardSteen4	2			
@hrt6017	2			
@ianmcdermottLSO	2			
@IEA	2			
@ihyjuju	2			
@Independent	2			
@IndyyProg	2			
@IngrahamAngle	2			
@intlrivers	2			
@IntranceIt	2			
@IPRightsIntl	2			
@iShebrew	2			
@itisjustmebabe	2			
@JamesLadbroke	2			
@janette_loftus	2			
@JaredV623	2			
@JasonThunderBoy	2			
@JazzShaw	2			
@jburnmurdoch	2			
@JEChalmers	2			
@Jeff_Davis1808	2			
@JeffBooth	2			
@jehanzeb_zafar	2			
@jeremynewberger	2			
@jhamm3	2			
@jhsmith156	2			
@JHWeissmann	2			
@jimmyfailla	2			
@jjfThompson	2			
@joanned1	2			
@JohnFugelsang	2			
@JohnnaCrider1	2			
@johnniewalkerd1	2			
@jon80990193	2			
@JonathonStillw2	2			
@jordanmacgregar	2			
@JRD0000	2			
@JSpangs44	2			
@Just2inquire1ce	2			
@katieharr1988	2			
@KDKA	2			
@Keeemm7	2			
@KeithMalinak	2			
@KeletsoMss	2			
@Kencenterant2	2			
@khareanubhav	2			
@kim_because	2			
@KlenderJoey	2			
@KremlinRussia_E	2			
@Krishraj52	2			
@KristiNoem	2			
@KSI	2			
@ksorbs	2			
@KumarKunalmedia	2			
@l0uise_wagner	2			
@lark_quark	2			
@Lauratobin1	2			
@leanahosea	2			
@LethalShooter__	2			
@Liz_Wheeler	2			
@llanier67	2			
@Logic4Reason	2			
@lohrdwolf	2			
@lopezlinette	2			
@LSDinRealLife	2			
@luna_luster	2			
@M_C_Klein	2			
@macmoleli	2			
@macsween_prue	2			
@MahuiChina	2			
@MakeACommentNow	2			
@marcwparrish	2			
@Mark_Baden	2			
@MarkCheetham	2			
@MarkCranfield_	2			
@MarkHamill	2			
@MartinDaubney	2			
@MarvinRJeffcoat	2			
@maryt7171	2			
@maxisecret99	2			
@MccobbDavid	2			
@mdnij34	2			
@MehdiHasanShow	2			
@mercedesschlapp	2			
@MetRyan96	2			
@Michael13584052	2			
@Michael24469102	2			
@michaelrulli	2			
@MikeCarlton01	2			
@MikeMoo61299704	2			
@mikeworkman	2			
@MJ7Richardson	2			
@mjrowland68	2			
@ModernCSA	2			
@Monocotyledon	2			
@moranjustin	2			
@Morriga98159636	2			
@MountainTimeCDN	2			
@MrKRudd	2			
@MucusMucous	2			
@mugger124	2			
@NASA	2			
@NASAPersevere	2			
@NateSilver538	2			
@nathanfletcher	2			
@NATO	2			
@NatsuSanemi	2			
@NaturalEngland	2			
@ndtv	2			
@neiltyson	2			
@Neoavatara	2			
@newscientist	2			
@newsmax	2			
@NFL	2			
@nic__carter	2			
@NicArt24	2			
@nitin_gadkari	2			
@Nockit1	2			
@noclador	2			
@nomadeliv	2			
@noneed4repeats	2			
@NONONOEU	2			
@notasoreloser	2			
@NotWoofers	2			
@npcbaldguy	2			
@NRDC	2			
@NWSTwinCities	2			
@nzasap3	2			
@OkayKian5	2			
@Omega_MkI	2			
@omv	2			
@OngYewKhoon1	2			
@OriginalGoalie	2			
@OurHiddenHistry	2			
@oxbits	2			
@PalmerReport	2			
@pandanjudin	2			
@paraga	2			
@paulogia0	2			
@PBethlenfalvy	2			
@PCarterClimate	2			
@PDemichel	2			
@PeeheeMuhuh	2			
@PennyPhilosophy	2			
@peter_telecom	2			
@PeterZeihan	2			
@PeteWoolf	2			
@PhantomReindeer	2			
@PIB_India	2			
@PickingPeaches1	2			
@PioneerPress	2			
@PLMarquet	2			
@PocketKens	2			
@Poerisija	2			
@pony0n	2			
@PostDisclosure	2			
@pray2pesci	2			
@PremierJetEu	2			
@PrisonPlanet	2			
@ProtectingTerra	2			
@ProudUSANJNY	2			
@PTrebaul	2			
@pullenstribe	2			
@Pullingaclaudia	2			
@PutButMAX714	2			
@pvtjokerus	2			
@ramukrivus	2			
@realMeetKevin	2			
@RealScottRitter	2			
@ReckedRik	2			
@redletterdave	2			
@RentDotCom	2			
@RepThomasMassie	2			
@resistmegadams	2			
@Reuters	2			
@rezendi	2			
@RFuellmich	2			
@rhosking252	2			
@richsignorelli	2			
@Riseupmovt	2			
@riv39525750	2			
@robogreen	2			
@ronquille_paul	2			
@RosaWal90673631	2			
@RSPBHamWall	2			
@rtenews	2			
@RubicelCohen	2			
@Ruth53729779	2			
@rwclimate	2			
@RyanRadia	2			
@sachinskurdeka1	2			
"@SadhguruJV"""	2			
@SamBellHood	2			
@Sammy_Roth	2			
@SamRamani2	2			
@SarahPalinUSA	2			
@sassie57_amanda	2			
@savetheplaneto3	2			
@Scott85023926	2			
@Scuba_Dude	2			
@Sdg13Un	2			
@SDG2030	2			
@SeghirMd	2			
@SenateDems	2			
@ShadyMice	2			
@Sharman2Pam	2			
@shaunking	2			
@SideWalk_37	2			
@silverthorn001	2			
@simonahac	2			
@SkepticSplinter	2			
@sketchnoteson	2			
@SkyNewsAust	2			
@snow2112	2			
@SoilHealth1o5C	2			
@sophiadahl1	2			
@sosamazonia_	2			
@SpaceX	2			
@spenderallegra	2			
@spinkynat	2			
@spzkaz	2			
@SquawkCNBC	2			
@StarWitchWoman	2			
@SteveHofstetter	2			
@stewartbrand	2			
@StormChaseLisa	2			
@Straw_Hat_Goofy	2			
@SumErgoMonstro	2			
@SwainForSenate	2			
@TalkTV	2			
@TeagueRoger	2			
@TeesOnLine	2			
@Teslarati	2			
@thebearofcarbon	2			
@thebradfordfile	2			
@thedevilenergy	2			
@TheFreds	2			
@TheLeoTerrell	2			
@thenage1970	2			
@ThePhotoHour	2			
@thereidout	2			
@theresphysics	2			
@theslowfactory	2			
@thetrocro	2			
@TheWarOnCars	2			
@TheWxMeister	2			
@Thisthat_Acadmy	2			
@thomascarolan12	2			
@Thomaskrit	2			
@TideFanJoe	2			
@Timberati	2			
@tinystomper	2			
@tokyosgomez	2			
@tom_scourfield	2			
@top1percentile	2			
@TristanSnell	2			
@TrueNorthCentre	2			
@TruismsT	2			
@TruthJustis4USA	2			
@TW42590118	2			
@TyefiaM	2			
@umairh	2			
@UNFCCC	2			
@urboi_blex	2			
@US_FDA	2			
@USAintheRGV	2			
@uwuziel	2			
@vanessa_vash	2			
@vase_dave	2			
@VexPith	2			
@Vihh14	2			
@VMO_04951071	2			
@vonderleyen	2			
@VP	2			
@wadejbeckett	2			
@waldron_pj	2			
@WallaceTruth215	2			
@WarHazardGaming	2			
@washingtonpost	2			
@WatcherGuru	2			
@WaterILoveYou	2			
@WayneCur	2			
@WBrettWilson	2			
@wiczipedia	2			
@WillybeGood69	2			
@wolvesbetter	2			
@WonderWoman024	2			
@WoopsWoah	2			
@WorkingFamilies	2			
@WorldResources	2			
@WRAL	2			
@WRIAdaptation	2			
@WRIClimate	2			
@XiaoYewen	2			
@XSovietNews	2			
@Yahoo	2			
@YouDirtyRat62	2			
@YvngColtrane	2			
@ZaackHunt	2			
@zdaniel	2			
@ZeroOne33408052	2			
@ZillionTree	2			
@ZubyMusic	2			
@	1			
@.@?	1			
@/StateFarm	1			
@____bam____	1			
@__Isabella_Bell	1			
@_A_Nope	1			
@_AdilHussain	1			
@_archedelli	1			
@_b0y1da_	1			
@_benjvmins_	1			
@_BigDawg87	1			
@_BTO	1			
@_BurtWhite	1			
@_ChangingPlanet	1			
@_jaylahnicole	1			
@_ke_da_ma_	1			
@_lizharvey	1			
@_LucyWright	1			
@_ms_mystical	1			
@_mumbling_me	1			
@_One_Earth	1			
@_petermason	1			
@_Ratzz_	1			
@_raw_cocoa	1			
@_RobertSchultz	1			
@_strate	1			
@_thewhitespider	1			
@_tonyjefferson	1			
@_V_5_M_	1			
@09Espanol	1			
@0HYCK	1			
@100FrogLegs	1			
@10kClubOfficial	1			
@10mm_404	1			
@123Kiki	1			
@123Resonate	1			
@13banger83	1			
@1990_ck_29f	1			
@1CryptoBunny	1			
@1DjT1	1			
@1DrSCARECROW	1			
@1Free_Spirit1	1			
@1GarethWynJones	1			
@1MikeMorris	1			
@1ofmeisenough	1			
@1pckt	1			
@1stCaliph	1			
@1us45	1			
@2009prince	1			
@22swift4u	1			
@22Waffle	1			
@2Bafz	1			
@2d7ba3001f664c9	1			
@2tweetaboutit	1			
@3AWNeilMitchell	1			
@4_tzion	1			
@43a6f0ce5dac4ea	1			
@47angb	1			
@4shwiin	1			
@56blackcat	1			
@5ReasonsUTube	1			
@6ftinthemorning	1			
@6PRbreakfast	1			
@70_71_94_95_97	1			
@7Mcae	1			
@808constituent	1			
@80cjpricey	1			
@8thCyn	1			
@91bded7b2a424f4	1			
@97dgreen	1			
@987_charles	1			
@A_Damned_smith	1			
@A_siddique79	1			
@Aam_Nationalist	1			
@aamurry	1			
@AAPDelhi	1			
@AAPNewswire	1			
@aaron_a_t	1			
@abaanmiodrag2	1			
@ABC	1			
@ABCNews4	1			
@ABCPolitics	1			
@AbdisalamYassi1	1			
@AbdullaAndalusi	1			
@AbdurahmanShar	1			
@abigailmarone	1			
@abs_special	1			
@absarpasha2	1			
@abu_meron	1			
@abuhassan221	1			
@acblaauboer	1			
@AcctHenry	1			
@accuweather	1			
@acelouiee	1			
@Acey_Boyy	1			
@achristine116	1			
@aclu	1			
@ACLUMN	1			
@actblue	1			
@ActiveAndAlive	1			
@acumulatoooor	1			
@Acyn	1			
@ada_nandino	1			
@adam3us	1			
@Adam59724986	1			
@adamajacoby	1			
@Adamaotf	1			
@adamcarolla	1			
@AdamClarkSmith	1			
@AdamHar65246938	1			
@AdamKinzinger	1			
@adamliptak	1			
@AdamLockett34	1			
@AdamLowisz	1			
@adamrrodger	1			
@adbalfour	1			
@ADEItsAThing	1			
@adeleshiv	1			
@Adil_G0	1			
@aditimukherji	1			
@adoringgillian	1			
@AdvoBarryRoux	1			
@AfamDeluxo	1			
@afootballfeast	1			
@AfricaFactsZone	1			
@African_20	1			
@after_saw	1			
@AgeofReason18	1			
@Ah_Science	1			
@ahyeahstark	1			
@AirGordo78	1			
@AitcProvat	1			
@aj_zavala	1			
@Ajax777	1			
@ajphelo	1			
@AJWVictoriaBC	1			
@akaelwopo1	1			
@akanoego	1			
@akfeministfrog	1			
@akmk	1			
@akovia1	1			
@Akshayanath	1			
@AlanSla90124663	1			
@alastairdick	1			
@Albertarocksit	1			
@AlbertoRyman	1			
"@AlboMP"""	1			
@Alchemi24558367	1			
@ALefty123	1			
@aleroi	1			
@AlesayMotaz	1			
@aleshadalin	1			
@Alex_Long381	1			
@AlexAFido	1			
@AlexandriaV2005	1			
@AlexaSommers	1			
@AlexBednar3	1			
@alexbruesewitz	1			
@alexis64murphy	1			
@Alexjen06183629	1			
@alexkehr	1			
@alexmeshkin	1			
@alexvtunzelmann	1			
@AlexWhaleWolf1	1			
@AlexWindsor14	1			
@alfranken	1			
@Alfred_StatesX	1			
@AlfTupper5	1			
@alg11865410	1			
@AliciaRomanNBC	1			
@All_Fem_United	1			
@All435Reps	1			
@AllenRenchBundy	1			
@AllThingsIsrael	1			
@AllyAutumn2	1			
@AllyKeyLime	1			
@AltHistoryHub	1			
@AltUS_ARC	1			
@Alyssafarah	1			
@AmaalMallik	1			
@AmadeusVaughan	1			
@AmandaBalleng99	1			
@amate_a	1			
"@amazonlabor"""	1			
@America551728	1			
@Americaforeve92	1			
@american2084	1			
@American6Off	1			
@americanrivers	1			
@amitavb1	1			
@amolrajan	1			
@amore_orless	1			
@Amy_Siskind	1			
@Amy21123	1			
@amyklobuchar	1			
@AnalystHealth	1			
@anandmahindra	1			
"@anandmahindra"""	1			
@AnandWrites	1			
@AnBodDadCom	1			
@and_mischa	1			
@andersoncooper	1			
@AndersonDrew	1			
@andrea_shalal	1			
@AndreasGreenov	1			
@andrew_dunk	1			
@Andrew_R33	1			
@andrewbogut	1			
@AndrewDessler	1			
@AndrewKnight226	1			
@andrewperezdc	1			
@AndrewRChapman	1			
@AndrewYang	1			
@AndrzejDuda	1			
@andsnz	1			
@andyboulo	1			
@andyfarnell07	1			
@andypndyy	1			
@AnDyVbAtEs	1			
@anegasakimowin	1			
@angelcenna	1			
@angelfries2	1			
@AngelicaOung	1			
@AngelikaHeurich	1			
@Angelus3205	1			
@angiecoonie	1			
@Angry_Staffer	1			
@ANGRYRAIDER2	1			
@animaljusticeAU	1			
@AnitahAmong	1			
"@anjisalvacion|a"""	1			
@anjsharmaaa	1			
@ankitml	1			
@anna_prole	1			
@AnnastaciaMP	1			
@AnnBank41695841	1			
@AnnCoulter	1			
@anne_tek	1			
@AnneGreen545	1			
@AnneTherese_G	1			
@AnonimAktivista	1			
@AnoniMusleeMe	1			
@Anonylyzer13	1			
@AnthDeCeglie	1			
@AnthonieLouise	1			
@anthonyanderson	1			
@AnthonyFranzeWX	1			
@AnthonySabatini	1			
@AnthonySpina94	1			
@AnthonyT2_	1			
@AnthropoceneM	1			
@antifaoperative	1			
@AntiNickname	1			
@antitrumpmarine	1			
@antoniogm	1			
@AnuheaNihipali	1			
@apapadk	1			
@Apple	1			
@aprilchoate	1			
@AprilLigeia	1			
@AprylFoolish	1			
@Arc__Finance	1			
@archam2nina	1			
@ArgueWithIdiot	1			
@arielbogle	1			
@aries1953	1			
@armandojsousa	1			
@Armaniiio	1			
@ArmThePoors	1			
@ArmyofShadows2	1			
@ArtfulTakedown	1			
@Artist_is_in	1			
@ArunaChowdhury3	1			
@Arwenstar	1			
@AsclepiusBoi	1			
@ashleycoopergwi	1			
@AShoutOutfromMN	1			
@Ashrose892	1			
@AshTFE	1			
@ashutoshpkanak	1			
@Askwhyisit	1			
@Asmali77	1			
@asteira_	1			
@AstorAaron	1			
@asyapluggedin	1			
@asymmetricinfo	1			
@aTeXan575	1			
@AtlanticVoice	1			
"@AtlasSarrafoglu"""	1			
@atomicknuckled1	1			
@AtWarWithWolf11	1			
@augustofretes	1			
@austins_coffee	1			
@AustralianLabor	1			
@auto_rec_bot	1			
@avalanchelynn	1			
@AvaniDias	1			
@AvengerResister	1			
@Avic_Wins	1			
@AviMayer	1			
@aviralbhat	1			
@awakenindiamvmt	1			
@Awesome_Jason	1			
@awesomeaiken	1			
@AWildOop	1			
@Axededdie26	1			
@Ayesha_kiran27	1			
@Ayjchan	1			
@AyoCaesar	1			
@ayushthakur0	1			
@Azsweetness60	1			
@AzukiDaigaku	1			
@B52Malmet	1			
@BabyCatcoinBSC	1			
@BabyDogeCoin	1			
@Babytokyo__	1			
@Bacraut74	1			
@badgervindaloo	1			
@bailey0O0O	1			
@Balaboostaluv	1			
@BalazsOrban_HU	1			
@BalconyPlant	1			
@BangaloreRepair	1			
@BannedBookish	1			
@Bannman15	1			
@Baphomet555666	1			
@BarcodeDs	1			
@BardLackey	1			
@bardot82	1			
@bariweiss	1			
@Barndog_Solana	1			
@baroquespiral	1			
@barrenessblack2	1			
@BarrettWilson6	1			
@Barrtecforever	1			
@BarryTh02665142	1			
@BarstoolBigCat	1			
@BartWronsk	1			
@baseballchickie	1			
@Based_inReality	1			
@BassoonYsu	1			
@bataleh	1			
@batcowls	1			
@BatoaWeber	1			
@bazcarter15	1			
@BBCGreenRoom	1			
@BBCNewsAt10	1			
@BBCNigeria	1			
@BBCRadio4	1			
@bbcweather	1			
@BBCWorld	1			
@bblock29	1			
@beautyofhelin	1			
@BeecherDenys	1			
@BeeseJoe	1			
@Begentle50	1			
@BehizyTweets	1			
@BeingSalmanKhan	1			
@BelindaCallanan	1			
@BelindaJones68	1			
@Bellabo82068180	1			
@Bellagio_bound	1			
@BellRoniBell	1			
@ben_moll	1			
@benah254_	1			
@BenmoMorris	1			
@bennyjohnson	1			
@BentDepraved	1			
@BentleyCarys	1			
@BeowulfSchaefer	1			
@Bergeonline	1			
@besseder1	1			
@BestMagOfficial	1			
@betateach	1			
@BetoORourke	1			
@BetteMidler	1			
@bex_fur	1			
@Beyonce	1			
@BhagwantMann	1			
@BhavreenMK	1			
@bhogleharsha	1			
@bhupeshbaghel	1			
@BiddulphScott	1			
@biffmack	1			
@big_milly_vibes	1			
@BigBluexlt	1			
@BigC_Contrarian	1			
@BigJoeBastardi	1			
@biglargeturtle	1			
@bigseb31213	1			
@BigWolfDem	1			
@bikivindaloo	1			
@BilalKareem	1			
@BillBishopKHOU	1			
@BillBorghoff	1			
@BillFOXLA	1			
"@BillGates"""	1			
@billieeilish	1			
@billybinion	1			
@Biorahul	1			
@BirdAwareSolent	1			
@birdhillll	1			
@birgitomo	1			
@Birmo	1			
@BishBash19	1			
@BitcoinMotorist	1			
@BJP4Himachal	1			
@BJP4India	1			
@bklynfletchIV	1			
@BL20422822	1			
@BlackCatJack101	1			
@BlackSambuka	1			
@Blake_R95	1			
@blarneycereal	1			
@Blendello	1			
@blessedtrader1	1			
@blincoejoe	1			
@blklivesmcanada	1			
@BlockchainHI1	1			
@Blockworks_	1			
@BlocQuebecois	1			
@blogTO	1			
@BlooperBraves	1			
@Blowe48	1			
@bluebristolian	1			
@BlueWaveNov	1			
@BmoreEduReview	1			
@Bob93023415	1			
@Bob99292956	1			
@BobBensonBill	1			
@bobbyhundreds	1			
@BobbyShiskaBob	1			
@BobHenry7	1			
@boggywood	1			
@BolzmannMichael	1			
@BOM_WA	1			
@bonchieredstate	1			
@bonglez	1			
@BookishGirl	1			
@boomer_ish	1			
@Bork_freeluna	1			
@bosdcla14	1			
@Bossmustangfan	1			
@bostonbill1982	1			
@BostonGlobe	1			
@BousmanAmber	1			
@bpickar	1			
@brad_feinman	1			
@BradhamShannon	1			
@bradhoylman	1			
@bradjohansson21	1			
@BrandonThurston	1			
@BrandonTozzo	1			
@Breakingviews	1			
@BreezyScroll	1			
@BrendanPayne64	1			
@BrentColman	1			
@Brexiteer151	1			
@BRIAN29645323	1			
@BrianGitt	1			
"@BrianLehrer"""	1			
@brianlilley	1			
@brianschatz	1			
@BrigittaWitt	1			
@britishbirds	1			
@britroboomin	1			
@Brittanirussel8	1			
@BRodermund	1			
@bromhome	1			
@brown12008	1			
@BrubBromemt	1			
@bruce_haigh	1			
@BruceButlerJr1	1			
@bruceclements	1			
@BruhMom25538222	1			
@BrunoPresents	1			
@BruvverEccles	1			
@bryan_judson	1			
@brynnobrien	1			
@BSNLCorporate	1			
@BTC_Archive	1			
@Bubba_GeekHero	1			
@buchart	1			
@BudsOilers	1			
@Bugola2	1			
@bumpus_lumpus	1			
@burackbobby_	1			
@BurhanA06963550	1			
@BurnsideNotTosh	1			
@BusiaBlogger	1			
@businessposthq	1			
@buwalda_john	1			
@BuyMyCards123	1			
@BuzzAtTheState	1			
@Buzzsaws1990	1			
@BVerheggen	1			
@ByIanJames	1			
@ByrdDawg71	1			
"@c_cgottlieb"""	1			
@C53758546Mandy	1			
@cactusinsurance	1			
@Cadillac99999	1			
@CAKitchener	1			
@calibanMan99	1			
@calistawu	1			
@CallyCrypto	1			
@calundmark	1			
@CambsCC	1			
@canadianLeb	1			
@CanadianSence	1			
@canalzone68	1			
@CanBean4U	1			
@CandiceBergenMP	1			
@CandymanTimTam	1			
@CAnxiolytic	1			
@capnporgporg	1			
@Captbobdad	1			
@CAQM_official	1			
@CarbonBrief	1			
@CardMeHD	1			
@cariad1965	1			
@carlbildt	1			
@carlblom_robert	1			
@carlo_tuitter	1			
@CarmineSabia	1			
@Carniphage	1			
@CarolaJojo	1			
@carrerubiolover	1			
@CarrieMyHart	1			
@carrybeyond	1			
@carsonkrow	1			
@CaseyBriggs	1			
@Caseyco231	1			
@CashewSpell	1			
@CassaGoSoccer	1			
@CassandraNoCov	1			
@catharsiscourse	1			
@CathFlowers	1			
@cathmckenna	1			
@cathmckenna?	1			
@CatholicCon1	1			
@CathyGreen67	1			
@CatPepeToken	1			
@CatrinaBrown4	1			
@CatsProtection	1			
@CawthornforNC	1			
@cazlone	1			
@CBCIndigenous	1			
@CBCNews	1			
@cbeckj	1			
@cbrookesheating	1			
@cbs_ke	1			
@CBSMoneyWatch	1			
@CBSNews	1			
@CCACoalition	1			
@Ccampbellbased	1			
@CCGevirtz	1			
@CCross1776	1			
@CCTV	1			
@CdEntremontMP	1			
@CDP1882	1			
@CenterForBioDiv	1			
@Cern_lXXl	1			
@Cernovich	1			
@CFCKonrad	1			
@ch2673459	1			
@ch99085464	1			
@ChadCasey2136	1			
@chaelistan	1			
@ChairmanJPDCL	1			
@chaosbria	1			
@CharlieCarlsbad	1			
@CharlotteEmmaUK	1			
@ChartsArtists	1			
@Chaseroony	1			
@Chasetherabbit	1			
@ChattJazz	1			
@Chazman1189	1			
@CheeHuffs	1			
@Chellaney	1			
@ChelsyFreedom	1			
@chentropy_	1			
@CherylKimNYC	1			
@Cherylm56588591	1			
@Cheslock25	1			
@Chevron	1			
@CHFTCET	1			
@CHFTNHS	1			
@Chicanatravels	1			
@chiefgunnerno1	1			
@Chillnchameleon	1			
@Chinchillazllla	1			
@chizeled_	1			
@Chris_MillerCA	1			
@Chris86767838	1			
@chrisakers9	1			
@chrisalecanada	1			
@ChrisBower10	1			
@ChrisBradley133	1			
@ChrisCameronNYT	1			
@ChrisEv06631592	1			
@ChrisGableDO	1			
@ChrisLA03	1			
@chrisluxonmp	1			
@chrismohney	1			
@ChrisMurphyCT	1			
@chrismykrantz	1			
@Chrispythegull	1			
@Chrissie_Road	1			
@ChristianWalk1r	1			
@ChristinaPushaw	1			
@Christinauk53	1			
@christogrozev	1			
@ChristopherHahn	1			
@ChristopherJM	1			
@ciaranmcasey	1			
@cinders2020	1			
@Ciolfilicious1	1			
@cirrus97	1			
@citylele	1			
@civiltalker	1			
@CJ4Africa	1			
@CJMcCoy6	1			
"@cjwilliamslat"""	1			
@Claesson_Kate	1			
@ClaireGronland	1			
@ClaireMax	1			
@ClaireNewton79	1			
@ClaireWileman	1			
@Clare_Jennifer	1			
@ClareBaileyGPNI	1			
@ClarkMannen	1			
@claudiascloud_	1			
@ClayHale7	1			
@CleanAirCAC	1			
@clearing_fog	1			
@clim8resistance	1			
@Climate24877412	1			
@ClimateDad77	1			
@ClimateEnvoy	1			
@ClippedWings22	1			
@Cllr_Rich	1			
@CllrPTWarlow	1			
@CllrTKerr	1			
@clovestudiosTN	1			
@CMOFFICEHP	1			
@CMOMaharashtra	1			
@CMWalkerhawaii	1			
@CNairobian1	1			
@CoastGuardCAN	1			
@coastsofbohemia	1			
@Cobby_Ing_Jr	1			
@CoconinoNF	1			
@Code_cryptoJ4	1			
@CodeNOatx	1			
@ComfortablySmug	1			
@Comment_Lord	1			
@CommonSense_FT	1			
@ComradeFat	1			
@ConceptualJames	1			
@ConnectAID_int	1			
"@consiousplanet"""	1			
@Constance_1844	1			
@ConstantChanges	1			
@coogcos	1			
@coolfred123	1			
@COP27_Egypt	1			
@CopernicusECMWF	1			
@CopernicusEMC	1			
@Corb_The_Lesser	1			
@corjoy	1			
@CornellBirds	1			
@CorpulentWidow	1			
@CoryBooker	1			
@cosmicsoul477	1			
@country_ca	1			
@Country24291070	1			
@CovfefeChan	1			
@cowboys	1			
@coxypm	1			
@CPCB_OFFICIAL	1			
@CPDelhi	1			
@cpeezee38	1			
@CPHO_Canada	1			
@craig_summit	1			
@craig73webster	1			
@CraigAllenWx	1			
@crews1859	1			
@cricbuzz	1			
@crikeyolson	1			
@CriticalStress_	1			
@crypto_news24	1			
@CryptoCriminal5	1			
@Cryptoking	1			
@cryptosmoak	1			
@cryptoyogurt	1			
@cspan	1			
@cspanwj	1			
@Cstr55	1			
@cswarketatora	1			
@CTICC_Official	1			
@ctindale	1			
@CTVMontreal	1			
@CTVToronto	1			
@CubeSteve	1			
@Cudabarbie1	1			
@Cuidad10	1			
@culdesacfan	1			
@CullitonHugh	1			
@CultureCrave	1			
@curategg	1			
@curiouswavefn	1			
@curlewcalls	1			
@curlykrazy07	1			
@curryja	1			
@CurstDragon	1			
@CurvyLeenda	1			
@cwebb2004	1			
@cwidma3	1			
@cwt_news	1			
@cxorlando	1			
@Cyberfist_NFT	1			
@cyberohero	1			
@cybremike1	1			
@Cyguybell	1			
@CymaticWave	1			
@CyrilRamaphosa	1			
@CyrusShares	1			
@d_e_mol	1			
@D0tc0m_beatz	1			
@d1_david	1			
@Dabaohaobao	1			
@DACDAC4DAC	1			
@dad2alys	1			
@daddy_bareback	1			
@DaddyBigBucks2	1			
@Dadib9	1			
@DailyMailCeleb	1			
@Dam_sega	1			
@DAMIENvdbijl	1			
@dan613	1			
@dandelicon	1			
@DanGurneyH	1			
@DanhausenAD	1			
@DaniaGonzalz	1			
@DanicaPriest	1			
@DanielBleakley	1			
@danieljhageman	1			
@DanielRegha	1			
@DanielSpaniel21	1			
@DanielTaylor808	1			
@DannyMack100	1			
@danstevejon1	1			
@DanWMcLean	1			
@daprophet1978	1			
@Dar42	1			
@Dark_Matters_11	1			
@darkturkey27	1			
@DarkVenus	1			
@DarrenMaunu	1			
@darrenmccaffrey	1			
@DarthPutinKGB	1			
@data4style	1			
@DataChaz	1			
@datarade	1			
@DataSciBae	1			
@DaudiKabanda	1			
@DaughterOfSamoa	1			
@dauschmo	1			
@Dave_Eger	1			
@dave_n84	1			
@dave_xbt	1			
@DaveHcontrarian	1			
@davehor	1			
@davekarpf	1			
@DaveKaval	1			
@davelanger2k	1			
@davestewart3	1			
@DaveThroup	1			
@davetrott	1			
@DaveyDigest	1			
@David19531501	1			
@davidbix	1			
@davidcziegler	1			
@DavidDamm9	1			
@davidfrum	1			
@DavidG1960	1			
@DavidManOnFire	1			
@Davidmetroland	1			
@Davidmuchuchu	1			
@DavidMurray117	1			
@DavidSacks	1			
@DavidSpade	1			
@DavidWelker2021	1			
@davidyoung13	1			
@davynavy__	1			
@DawBell	1			
@DawnD4164	1			
@DawnDawniew62	1			
@daz	1			
@dbirch214	1			
@DeadlineWH	1			
@dean_a_1984	1			
@DeAngelisCorey	1			
@deanmosiman	1			
@Deathblossom187	1			
@Debbie14598932	1			
@debelheure	1			
@DebraMMason1	1			
@Dee52471862	1			
@deespeak	1			
@DEFCCOfficial	1			
@DefraGovUK	1			
@DEIP_World	1			
@deirdrecostigan	1			
@DelawnMoe	1			
@DelhiBreathe	1			
@delhichatter	1			
@Delph_Sev	1			
@DelusionsMass	1			
@democracynow	1			
@DeniersAreDerp	1			
@denise_dewald	1			
@Dennis_Porter_	1			
"@Denskyyyyyy1"""	1			
@deNutrients	1			
@denverpost	1			
@derekkerton	1			
@DerekMeers	1			
@DerrickBerthel1	1			
@DES3535	1			
@desertphile	1			
@destinyzee	1			
@Desuetudine	1			
@Dev_Fadnavis.	1			
@Devilstower	1			
@DexdsoulSxdboy	1			
@dezi555	1			
@DFernandezINQ	1			
@DHSgov	1			
@di181	1			
@DianaBunny1103	1			
@DianaPenty	1			
@DickTrickington	1			
@DiggleDYOR	1			
@Digit__10	1			
@Digitus1	1			
@dik_dak	1			
@Dimthar	1			
@dipali_adv	1			
@dirk_fasshauer	1			
@dirkgroeneveld	1			
@DirkMarais3	1			
@DirkZiggler79	1			
@dirt	1			
@dirtyshotya	1			
@discoball2000	1			
@DisgVet	1			
@Disney	1			
@Disney’s	1			
@disneyplus	1			
@ditreble	1			
@DiversiFibsc	1			
@DjimmiJusta	1			
@DJTTracker	1			
@dkanebooks	1			
@dkevrafox2	1			
@Dloading	1			
@dlwyse	1			
@DMatson503	1			
@dmschmeyer	1			
@dmuthuk	1			
@DNC	1			
@docrocktex26	1			
@DocSavageFan1	1			
@DoctorM_DO	1			
@dogboy678	1			
@dogdirtbiker13	1			
@DogecoinChat	1			
@DogelonMars	1			
@dojastiddymilk	1			
@Donald37421690	1			
@DonaldHorwitz5	1			
@DonaldMBishop	1			
@DonHuffines	1			
@DonLagreca	1			
@donmoyn	1			
@DonnachadhMc	1			
@Doogane_	1			
@dotorii_muk	1			
@dougbishop53	1			
@DougHarvey1959	1			
@dougmastriano	1			
@DowdEdward	1			
@DPCC_pollution	1			
@Dr_Truth222	1			
@drbarnesbangor	1			
@DrBobBullard	1			
@DrDev7	1			
@DreamerBFC	1			
@DrEricDing	1			
@DrIndyEinstein	1			
@drjanaway	1			
@DrKateMarvel	1			
@DrLazerKitty	1			
@drmistercody	1			
@dropofevil	1			
@DrRobDale	1			
@drsanjaykrai	1			
@drsuffy	1			
@DrunkUncTony	1			
@drvolts	1			
@drwaheeduddin	1			
@drwmclaren	1			
@DTrufth	1			
@DubiousGod	1			
@Dublibtarian	1			
@dubsndoo	1			
@DuckDuckGo	1			
@DuckTheBuck3	1			
@DudeeeeeeNick	1			
@DudespostingWs	1			
"@dullsparkle_"""	1			
@dumdumgivgumgum	1			
@dunialetihad	1			
@dunrankin	1			
@dunsinng_myg	1			
@DurhamBulls	1			
@duyajek_viminov	1			
@dvnvrgo2514	1			
@dylancongolf	1			
@ea56326657	1			
@EalingLabour	1			
@EAnoroc	1			
@EarlOfEnough	1			
@EarthFund_io	1			
@EarthKeeper22	1			
@EastOKChiro	1			
@EBludd	1			
@ECCCWeatherON	1			
@ECMWF	1			
@Ecologi_hq	1			
@ecotone2	1			
@eddie_2_guns	1			
@EddiearBX914	1			
@edgarrmcgregor	1			
@EdinburghLabour	1			
@EdinburghLibDem	1			
@edmorrish	1			
@EdPheil	1			
@EdSoCLP	1			
@edsouthsub	1			
@EducatingTrump2	1			
@EdvartVon	1			
@edwardcholmes	1			
@EdwinEPP3	1			
@eecally	1			
@eeevet	1			
@EerikNKross	1			
@EFFSouthAfrica	1			
@eHhNyT56zKVvTra	1			
@Eindtijd1	1			
@EISUnion	1			
@ejectamenta_com	1			
@EJPockets	1			
@EJReinhart1	1			
@ekkiet	1			
@EkVishwa	1			
@Elcor13	1			
@Eldon_JM	1			
@ElectionsCan_E	1			
@electricether!	1			
@electroboyusa	1			
@elevatorpjtch	1			
@ElexaMadrigan	1			
@EliasHoshea	1			
@eliminat0r85	1			
@eliminatemusic	1			
@Elkrosmediahub	1			
@ellengilmer	1			
@elliekaysmith_	1			
@ellymelly	1			
@elmederne	1			
@ElonJet	1			
@Elonmusk	1			
@elonmusk	1			
"@elonmusk!"""	1			
@EmilBrunner1	1			
@emilyakopp	1			
@EmmaPot39849492	1			
@emmettimanu	1			
@EmpathyInnovate	1			
@enenbee	1			
@ENERGY	1			
@EnergyWrapAU	1			
@Engineer2Health	1			
@Enigma_2626	1			
@enjoyGLOBE	1			
@EnjoyingShows	1			
@ennui365	1			
@Environactors	1			
"@equaliser321"""	1			
@equalityAlec	1			
@Equivo_Kate	1			
@eraso21	1			
@ERCOT_ISO	1			
@ErezNeumark	1			
@EricJRyanLaw	1			
@EricOfCourse	1			
@EricRueb	1			
@EricRWeinstein	1			
@erikphoel	1			
@ErinBrockovich	1			
@erinotoole	1			
@ErumZeb	1			
@ErwanLeCorre	1			
@EscapedAudios	1			
@EscoliDana	1			
@essencetone43	1			
@estherclimate	1			
@estockbridge	1			
@ethanjsacks	1			
@EU_ENV	1			
@EuOutta	1			
@Eurisy1	1			
@evadiminutive	1			
@EvanLSolomon	1			
@EvanPlatinum	1			
@evilMADone	1			
@EWErickson	1			
@ExCllrRedmond	1			
@exiled_brummie	1			
@exjon	1			
@ExminsterMarsh	1			
@ExMissionary	1			
@ExpectedByAnth	1			
@Exploding_Heads	1			
@FA	1			
@FabianiKevin	1			
@fabynfabyn	1			
@FactSparrow	1			
@FadumoSomali	1			
@fairchargeuk	1			
@FakaktaSouth	1			
@fake_biden	1			
"@fakenews"""	1			
@falozier	1			
@FannKfann	1			
@FarahReynaldo	1			
@FastCompany	1			
@FauzKhalid001	1			
@fawadchaudhry	1			
@fazeelamubarak	1			
@FBE137D	1			
@FcHomeboyz	1			
@FehringerMartin	1			
@Felix_Cat7	1			
@FenrirWolf26	1			
@FermisSocks	1			
@FERNnews	1			
@FFFIndia	1			
@fffnireland	1			
@FilippaLentzos	1			
@FillmoreWhite	1			
@FinancialReview	1			
@FinchTH	1			
@FingersCro55ed	1			
@Finsfan75082410	1			
@fireater02	1			
@FirstSquawk	1			
@FixMetroMDT	1			
@Flash43191300	1			
@fly44d	1			
@FlyBySkyByGirl1	1			
@FlynDutchman466	1			
@FlySWISS	1			
@fmmendes	1			
@FMoHealth	1			
@FoalPhotos	1			
@FobTurnip	1			
@foddrill51	1			
@FollowThyLead	1			
@Forbes	1			
@Ford	1			
@fordnation	1			
@ForShorebirds	1			
@FortniteBR	1			
@fortworthchris	1			
@fossiltreaty	1			
@FourWD_fan	1			
@Fox_Claire	1			
@Fox640571	1			
@fractiousrabbit	1			
@Francesca6556	1			
@francis_scarr	1			
@francoislegault	1			
@Frank_Mag	1			
@FrankBeansX	1			
@FrankGillilan13	1			
@Freda78598062	1			
@fredgiblet	1			
@FredrikHirsch	1			
@fredvoros	1			
@FreeBeacon	1			
@FreedomVirus0	1			
@Freekat2	1			
@Freezezzy	1			
@Frenchg11623069	1			
@FRESHMA99887050	1			
@Fridays4future	1			
@FriendOfTheYeti	1			
@FriskySocialist	1			
@FRNSW	1			
@frugalsues	1			
@FS1	1			
@fToRrEeEsSt	1			
@Fujino99261304	1			
@FullyChargedShw	1			
@futureoffoodorg	1			
@fzj_iek	1			
@g_diets_	1			
@g_jinpa	1			
@g1elompik	1			
@GabeIkard	1			
@GadwalvijayaTRS	1			
@GailSimone	1			
@gal_suburban	1			
@GameSpot	1			
@gao_2	1			
@GappAmanda	1			
@garethicke	1			
@garg_trupti	1			
@GaryBurrill	1			
@GaryLineker	1			
@GaryMayorPrince	1			
@garyvee	1			
@GaryWHall	1			
@gator_gum	1			
@GatorsDaily	1			
@Gazza41	1			
@gbarker83	1			
@GdizzlePlays	1			
@GDToothbrush	1			
@geckosharingan	1			
@gelliottmorris	1			
@gemhost_admn	1			
@gemhostofficial	1			
@Genesis_Europe	1			
@genghisbruh	1			
@GeoConservative	1			
@GeoffBarton9	1			
@GeoffHeinricks	1			
@GeoffreyKeey	1			
@georgecmcgavin	1			
@GeorgeGammon	1			
@georgehahn	1			
@GeorgePembroke	1			
@Georgetown	1			
@georgiedent	1			
@GeorReader	1			
@GEOSEC2025	1			
@geostylegeo	1			
@GerberKawasaki	1			
@GermanyNATO	1			
@GeromanAT	1			
@GerryBerry3000	1			
@GetGoodatLiving	1			
@getnorthern	1			
@gfhay	1			
@GGCanada	1			
@ghakhar01	1			
@ghost321	1			
@GhoztProtokol	1			
@Gil_Favor	1			
@gilgame51721019	1			
@GillesnFio	1			
@GimfelDweller	1			
@gimmeabreak8	1			
@gin_sol	1			
@Ginette44747779	1			
@GingerFierce	1			
@Girijeshv	1			
@girl_pilled	1			
@GiTa69172095	1			
@GitanasNauseda	1			
@GJohnGarrett	1			
@GK09887	1			
@gkanders	1			
@Gl_acial	1			
@gladstein	1			
@Glazedovernow	1			
@glenn_pettersen	1			
@GlennJacobsTN	1			
"@glezak"""	1			
@GLilikos	1			
@GlobalCalgary	1			
@globalnews	1			
@GM	1			
@gmansteelers	1			
@GMC	1			
@GMcjeffrey	1			
@goaterisgod	1			
@goatslionel	1			
@Godfly__	1			
@GodwinStan	1			
@GolasRussell	1			
@goldisez	1			
@Gonzalez_JT	1			
@goodjuju4all	1			
@GoodPoliticGuy	1			
@GoodReddit	1			
@Goodtweet_man	1			
@Google?	1			
@GOPLeader	1			
@gordon_struth	1			
@gothtacular	1			
@GovAbbott	1			
@government	1			
@governorkingi	1			
@GovEvers	1			
@GovInslee	1			
@GovNedLamont	1			
@GradeZoom	1			
@graham_strouse	1			
@GreenJohnNichol	1			
@GreenPartyNI	1			
@GreenpeaceUK	1			
@GreenQueenHK	1			
@GreensForEurope	1			
@greg_price11	1			
@greggutfeld	1			
@GregoryPorter	1			
@GregSylvander	1			
@GretaFollow	1			
"@GretaThunberg"""	1			
@GridcoOdisha	1			
@Griffith17431	1			
@GriffithSaul	1			
@Grimezsz	1			
@Gringo_jhon	1			
@GrondaMorin	1			
@Groucholiz	1			
@grovue	1			
@grvcek1337	1			
@GSavimbi	1			
@GSMajor11	1			
@Gson84912409	1			
@GSwarthout	1			
@gtconway3d	1			
@gteasts	1			
@GuerlineMJozef	1			
@GuillaumeMascl1	1			
@Guy_Hootukatit	1			
@gwenid1701	1			
@h_robbins	1			
@hadasuzume_ch	1			
@haerycammel	1			
@HaggettPat	1			
@haguolbi	1			
@Hairy_Laphroaig	1			
@Hallucigenia11	1			
@halo_labsnft	1			
@HalSparks	1			
@Hammad_Azhar	1			
@handel37439460	1			
@HansrajMeena	1			
@hardtimehardta1	1			
@HarisAlisic	1			
@haroldsmith3rd	1			
@HARRISFAULKNER	1			
@HarryBenson2004	1			
@harrydemps	1			
@HarunanySumaiya	1			
@Hawthorne_Mich	1			
@haxton_maria	1			
@HBiggus	1			
@hbomax	1			
@HC_Richardson	1			
@heath6789	1			
@HeatMiser451	1			
@HebMacMan	1			
@HelenPa55861311	1			
@helenzille	1			
@hellocookie	1			
@HenrikKristia16	1			
@henrysaltzman	1			
@henrywinter	1			
@HerschelWalker	1			
@HesinkarKewe	1			
@HessionV	1			
@heulwenehession	1			
@HewanOrmson	1			
@HHillespie	1			
@hhornblower95	1			
@HildaBikes	1			
@HillelNeuer	1			
@HJK45291731	1			
@hllsen	1			
@hmr0529	1			
@hobbsio	1			
@HODLranch	1			
@HogeFinance	1			
@Holcim	1			
@HolyShiteBatman	1			
@Honesty1017	1			
@HorribleHorrie2	1			
@hosscara	1			
@Houdini214	1			
@hourlymin	1			
@HouseofChimera	1			
@hubie0	1			
@HuffPostPol	1			
@huggingface	1			
@HughMunro16	1			
@humenm	1			
@hungtran11	1			
@HunterJCullen	1			
@HuntShowdown	1			
@HuseEnergy	1			
@HustusMichael	1			
@HWick_Chris	1			
@HyenaGrin	1			
@Hyperion_PSN	1			
@Hyundai	1			
@HyuugaBB	1			
@i_woodward	1			
@IainMacAndDog	1			
@IainTRankin	1			
@iamnotsvetlana	1			
@IAmPoliticsGirl	1			
@Ian_Fraser	1			
@IanGray94742199	1			
@IanOliverWX	1			
@IANOsta	1			
@IanRHartley	1			
@IAPonomarenko	1			
@iaugust93	1			
@ic_lib	1			
@Icanwhistleg00d	1			
@Icecinder	1			
@IdeaGov	1			
@idr_labs	1			
@IfIWasDaKing	1			
@ifoundmetonight	1			
@Iicyrille	1			
@iihtishamm	1			
@iiiilovemywife	1			
@iingwen	1			
@iiTzSpooky_	1			
@Illvdivm	1			
@ImaMalaca	1			
@Imaskar	1			
@imgrund	1			
@ImmortalTech	1			
@imp1ss3d0ff	1			
@ImranARaja1	1			
@ImSoBrexcited	1			
@iMustBeNewLOL	1			
@imvge_203	1			
@in_the_sky34221	1			
@INDems	1			
@IndianaHodl1	1			
@Indianinside00	1			
@IndiaTodayFLASH	1			
@IndiaWeatherMan	1			
@Indisciplined12	1			
@Indo_Genius	1			
@Ineffab02281948	1			
@InfiDale3476	1			
@InformationMaps	1			
@inforthefreedom	1			
@IngramGlynis	1			
@InsulateLove	1			
@InterTalent	1			
@InvWesBurns	1			
@ipathak25	1			
@IPCC	1			
@IPCC_CH?	1			
@IPCC_CH's	1			
@iqmqrm	1			
@irakeshpathania	1			
@IreneVista1970	1			
@Irish_Intellect	1			
@ironcity5812	1			
@isaac_kh	1			
@ISPuuuv	1			
@issybobizzy	1			
@iSureshBjp	1			
@ITJPDCL	1			
@iTONDVFL	1			
@itsJeffTiedrich	1			
@itsJosieNicole	1			
@ITV	1			
@IwriteOK	1			
@IYCForYouth	1			
@IZabaronok	1			
@Izuvthesqrll	1			
@IzzyKing063	1			
@IzzyM45229399	1			
@J_Weaksauce	1			
@j7s_big_chopper	1			
@jack	1			
@Jack_Forge13	1			
@Jack_Petocz	1			
@jackcalifano	1			
@JackHatt69	1			
@JackPosobiec	1			
@JackSillin	1			
@Jacksonissavvy	1			
@JacksonMesser37	1			
@JackStiff7	1			
@jackxon_martin	1			
@jaclyntrop	1			
@jacremes	1			
@JadeJaysie	1			
@JaggerAUS	1			
@JaggerMickOZ	1			
@Jairam_Ramesh	1			
@JakeSherman	1			
@JakksonT	1			
@jAlmz5	1			
@JamaicanJihadi	1			
@JamCoatedCookie	1			
@jamesba44872533	1			
@JamesCarucci2	1			
@JamesLynchGTC	1			
@JamesMelville	1			
@jamesmsimpson	1			
@JamesPrzybyls13	1			
@Jamie210	1			
@jamieob256	1			
@jan_forney	1			
@Janetb172	1			
@JanetLiff	1			
@janey1211	1			
@janwh_54	1			
@JaquelineOutram	1			
@JarBomb	1			
@JasjeevGandhiok	1			
@Jason	1			
@jason_k95	1			
@jason_lazer	1			
@jason_stepn	1			
@jasonauctioneer	1			
@JasonBurkhead	1			
@JasonC00829648	1			
@JasonSolinsky	1			
@jawja100	1			
@jaxyw	1			
@jayallen56	1			
@Jaybefaunt	1			
@jaycarbray	1			
@JayInslee	1			
@jayme_valdez	1			
@jaysimmo3	1			
@JBlaze69er	1			
@jcokechukwu	1			
@JCubanova	1			
@JcVasquez52	1			
@jd2413	1			
@JDCocchiarella	1			
@jdsanctioned	1			
@JeanPaulFartre8	1			
@jedigardener	1			
@JeffBernard1	1			
@JeffBezos.	1			
@JeffFis05096653	1			
@JeffJWarwick	1			
@JEGaulden	1			
@jembbop	1			
@jenleahhh	1			
@JennaEllisEsq	1			
@JennaSudds	1			
@JenniferCoogan1	1			
@Jens1872	1			
@jeremiahjjohns	1			
@jeremycyoung	1			
@jeremyfaust	1			
@JeremyVineOn5	1			
@JerryMindsnack	1			
@Jersey_Gulls	1			
@Jess369269	1			
@jessdotceee	1			
@jesse_kern11	1			
@JesseKellyDC	1			
@JessePeltan	1			
@jessphillips	1			
@jesus_jimz	1			
@JewRussophile	1			
@jezebeljayne	1			
@JG_OICU_8_1_TOO	1			
@jgkoomey	1			
@JHerbatov	1			
@jillbalser	1			
@JillianOhana	1			
@JiloreWard	1			
@Jim35591060	1			
@JimDelos02	1			
@JimFish56837379	1			
@JimGunAR15	1			
@Jimmywonton2	1			
@JimTypeDude	1			
@jiveaces	1			
@JJ9828	1			
@jjbjhjwj	1			
@jjwalsh	1			
@jk_searl	1			
@jkblacker	1			
@JKDubai1	1			
@jkenney	1			
@jlanier06	1			
@jlburns314	1			
@JLeiper	1			
@JLimHospMD	1			
@jlrizzoii	1			
@jmkorhonen	1			
@JMNorthrup	1			
@JMohmah94	1			
@JMPSimor	1			
@joalruch_	1			
@JoanneCrowe	1			
@Joe_Nathan81	1			
@Joebloggs571	1			
@joecharex	1			
@JoeKelsall2	1			
@JoelMaHarry	1			
@JoeNewberry	1			
@JoePostingg	1			
@joerogan	1			
@JoeSoucheray	1			
@JoeWarr39675751	1			
@John_AKA_Becker	1			
@john_mcguirk	1			
@johnabbottnet	1			
@JohnBarchard	1			
@JohnBauters	1			
@JohnCornyn	1			
@johncusack	1			
@JohnDriscoll811	1			
@JohnFeehery	1			
@johniebnose	1			
@JohnKerry	1			
@JohnLeFevre	1			
@JohnM53093509	1			
@JohnnyBricks8	1			
@JohnOz1900	1			
@johnredwood	1			
@JohnsHopkins	1			
@johnsy123aus	1			
@JoinIsmail	1			
@jojo2020	1			
@JoJoFromJerz	1			
@jon_bois	1			
@jonathonporritt	1			
@JonHlluk	1			
@JonKatzShow	1			
@JonnyMicro	1			
@Jonnyporkchop	1			
@JonRFleming	1			
@jonsaxon67	1			
@JonVigliotti	1			
@Jordaneesh	1			
@Josh_Pactor	1			
@joshqharris	1			
@joshuaicore	1			
@JoshuaPotash	1			
@jotcd	1			
@JournalistErsan	1			
@journo_dale	1			
@joyfulnecronom	1			
@JPDCLofficial	1			
@jpdeacons	1			
@jpgcrowley	1			
@JPNadda	1			
@jrockstrom	1			
@JS_Rousseau	1			
@jsj11113	1			
@JStein_WaPo	1			
@jtrebach	1			
@JTreff300	1			
@juanbustos	1			
@judgeluttig	1			
@Judikovacs	1			
@JudyHinchcliffe	1			
@JudyPete	1			
@juicemango_	1			
@JuliaDavisNews	1			
@JulianRoepcke	1			
@Julie_NoNumbers	1			
@JulieDzerowicz	1			
@Julius_S_Malema	1			
@JumwaAisha	1			
@jurijuri	1			
@just2sayin	1			
@JustFreshKicks	1			
@JustinC43829880	1			
@jyn_urso	1			
@K4C	1			
@Kacheling	1			
@Kae_snooow	1			
@Kaepernick7	1			
@Kaikenhuippu	1			
@kailaswild	1			
@kaimatai	1			
@KaipLisette	1			
@kakakakaty2	1			
@kakiOwakagirl	1			
@KamalaHarris	1			
@kangaman81	1			
@Kapyoseiin	1			
@KaraHurst	1			
@KarenKalifornia	1			
@KariLake	1			
@kashiomi_art	1			
@KassyDillon	1			
@KasthuriShankar	1			
@kat_neville	1			
@Kate3015	1			
@Katerationopia	1			
@KateWolf1444	1			
@Kathy13856862	1			
@Kathy4Truth	1			
@Katie06591061	1			
@KatieAllenMP	1			
@katieannis18	1			
@KatiePhang	1			
@katloneill	1			
@KatTimpf	1			
@kayshebaddd	1			
@kbmann64	1			
@kbo1978	1			
@KCCINews	1			
@kdbowlby	1			
@Kdenkss	1			
@kderosa	1			
@KDL07866015	1			
@keenelandsales	1			
@Keir_Starmer	1			
@KeithOlbermann	1			
@kellan	1			
@KellerZoe	1			
@kelly76712507	1			
@KellzInCLE	1			
@kenbone44	1			
@KendallJenner	1			
@KenElNinoLobo	1			
@kenn_pai	1			
@KennethDredd	1			
@kenoath58	1			
@KenPaxtonTX	1			
@kenthovind	1			
@KentishZombie	1			
@kenzesjsjsjs	1			
@KerridwinR	1			
@Kerry_Berry12	1			
@KesariDhwaj	1			
@kester_stacey	1			
@ketaminh	1			
@ketan83	1			
@KetanJ0	1			
@kevinroose	1			
@kevinrose	1			
@kevpluck	1			
@KeYouth4sdgs	1			
@KGlatus	1			
@khalchewska	1			
@KHayhoe	1			
@KidCreole3	1			
@Kimberl88485948	1			
@kimisanauthor37	1			
@KimKardashian	1			
@KingOfCommSense	1			
@KingProle	1			
@kingugo_	1			
@Kinkajou5123	1			
@KinniskaMakes	1			
@Kit_Yates_Maths	1			
@kitaab31	1			
@KitemanArgues	1			
@KittenKell	1			
@kittypurrzog	1			
@KittyTheOthrWay	1			
@Kiwi_CGFX	1			
@KJoJoe21	1			
@KKRiders	1			
@kmbc	1			
@kmont99	1			
@KnowNothingTV	1			
@KnOwYoUrGaMe222	1			
@kokoswallet	1			
@KoneMoheavy	1			
@Kookierot	1			
@Koreaboo	1			
@kourouklides	1			
@KPfakhar1	1			
@kppotatoes	1			
@KR1573N	1			
@kraegkust	1			
@Kraken_Nucks	1			
@KrangTNelson	1			
@KreekCraft	1			
"@KrisJenner"""	1			
@krisster8	1			
@KristiTalmadge	1			
@Kryptospherus	1			
@KrystianMarek11	1			
@KStafford67	1			
@KTRTRS	1			
@kukuruyo	1			
@KumarJenamani	1			
@kuomintang	1			
@kurtisconner	1			
@Kuruluvv	1			
@KwasiKwarteng	1			
@KWehsner	1			
@KYBourbon4me	1			
@kyle_lyk	1			
@KylieJenner	1			
@kyvikm	1			
@kzngov	1			
@LaChuka1	1			
@lackingsaint	1			
@LadyAtreidesJ	1			
@ladychryse	1			
@LadyCsCloset	1			
@LadyGaga	1			
@LadyPatriot77	1			
@LadyPoop2	1			
@LaineyRubin	1			
@LakeCountry	1			
@LakotaMan1	1			
@LALewman	1			
@LaMangaNostra	1			
@LambaWor	1			
@lambert_craig	1			
@LanceForman	1			
@LandauDave	1			
@LanterneRougeYT	1			
@lapatina_	1			
@lardconcepts	1			
@larisamlbrown	1			
@Larrybrockmp	1			
@Laserdisc	1			
@lastprisonerprj	1			
@LateCheck	1			
@latimeralder	1			
@lauferlaw	1			
@laurasynthesis	1			
@LaurenKGurley	1			
@lavndr_macaron	1			
@LawBatra	1			
@lawrencekitema	1			
@LayahHeilpern	1			
@lazyph0que	1			
@LBis_here	1			
@LeadSmart	1			
@LeannEAF	1			
@leavingreligio1	1			
@LeeBanning	1			
@LeeCamp	1			
@LeeLafferty4	1			
@leepeggie1970	1			
@LeftBehindPoet	1			
@LeftismForU	1			
@leftistbrayden	1			
@LeftReckoning	1			
@LeftyNavySeal	1			
@legalminimum	1			
@leighbeadon	1			
@leighgt	1			
@leilarahimi	1			
@leinsterrugby	1			
@LEMonman223	1			
@Lena_Knows1225	1			
@LeninRoger_	1			
@LeoDiCaprio	1			
@LePapillonBlu2	1			
@les_politiques	1			
@Leslie48364805	1			
@LetIndBreathe	1			
@lezleymarion	1			
@LI_Catfish	1			
@Liamontheloose	1			
@liberalpuppy	1			
@LibertyTweets4	1			
@libsoftiktok	1			
@LicypriyaK	1			
@LifeLibertyEvan	1			
@LikeINeverLef	1			
@lila_seidman	1			
@lilbabygandhi	1			
@Lily_I_Guesss	1			
@Lin53237785	1			
@LindaM32109623	1			
@LindaMarkss	1			
@LionelMedia	1			
@lionheartleojai	1			
@LiteFootPrints	1			
@literallywowok	1			
@LiveSmart	1			
@LiveStormChaser	1			
@Liveuamap	1			
@lizarevell	1			
@Lk49Mel	1			
@LmfaoWith	1			
@LMZintheEB	1			
@LocienDren	1			
@LofayPeter	1			
@logicalbyte1	1			
@lomondorooney	1			
@LookForPeace2	1			
@loraineswift1	1			
@lori_romanell	1			
@LorieMeacham	1			
@Lorrilala	1			
@Loud_Lass	1			
@Louisbotelho17	1			
@LouiseMensch	1			
@LouisTurnerFal	1			
@LoveIndia939791	1			
@LovelyGeezer65	1			
@Loveon999	1			
@lowerboss245	1			
@lpuma50	1			
@LSalgadoArtist	1			
@lsfarmer311	1			
@LSW12612672511	1			
@lucaberta	1			
@LucBerthold	1			
@LuckyLu89791043	1			
@LudwigAhgren	1			
@luigi_warren	1			
@Lulzmouse	1			
@LustfulLiberal	1			
@Lutalo_njaga	1			
@luter_el	1			
@lyletaylorbabyy	1			
@lynnyloo02	1			
@lynxrattle	1			
@LYoutubeman	1			
@M_Biddington	1			
@m_nuks	1			
@m_parrington	1			
@Macetrain	1			
@maclewis22	1			
@maddyjorr	1			
@MadiBoity	1			
@MadnessVs	1			
@madpdx	1			
@MAGAGAL58	1			
@magelyfe	1			
@Maggie_Hassan	1			
@magisternihil	1			
@Magwedhe	1			
@MahenderSTBJP	1			
@MailOnline	1			
@maisie_toby	1			
@majorityfm	1			
@MakeupForWOC	1			
@Makhosa78668769	1			
@MalChandler	1			
@Malecopywriter	1			
@MamaMac_	1			
@MandarSawant184	1			
@manicfinalgirl	1			
@ManMilk2	1			
@Manny50155948	1			
@mansuy_adrien	1			
@maolesen	1			
@MararaMoabelo	1			
@marathikedar	1			
@MarcMethot3	1			
@marcorandazza	1			
@MarcoTeixeiraUN	1			
@marcusjdl	1			
@marcuslemonis	1			
@MargaretAtwood	1			
@MargaretHollin1	1			
@MargibMusic	1			
@MarieMa16935777	1			
@marinmoca	1			
@MarinYangGang	1			
@MariskaSchalek1	1			
@Marisya100	1			
@Mark_A_Eaton	1			
@mark_mcewen	1			
@MarkCarney	1			
@MarkCarney	1			
@markcojuangco	1			
@MarketfieldWay	1			
@MarkHertling	1			
@MarkJam92731126	1			
@markjaquith	1			
@marklevinshow	1			
@markmueller0	1			
@markosib	1			
@MarkSerreze	1			
@MarkZuckerbeg	1			
@marlon_humphrey	1			
@MarmaladeChild	1			
@marq_au	1			
@MarriottVacClub	1			
@marrs_edward	1			
@marry_ilona	1			
@MarsAscendant	1			
@Marshak2Marshak	1			
@Martin020455	1			
@marvee67	1			
@MarvinJRees	1			
@Marvy_olu	1			
@MaryELandis	1			
@MasalaFry69	1			
@masonmennenga	1			
@Mathenaut	1			
@mattdizwhitlock	1			
@matthew_lees	1			
@Matthew_Spicer	1			
@matthewdmarsden	1			
@MatthewPStein	1			
@mattjcan	1			
@mattjolley2	1			
@mattletiss7	1			
@MattMason	1			
@MattMcMuscles	1			
@MattRudkinWX	1			
@matttburke	1			
@MattWalshBlog	1			
@Mattyisgoingto1	1			
@MavisfairyMary	1			
@maxcan	1			
@maxedoutsolar	1			
@maxfawcett	1			
@MaxFichtner	1			
@MaximeBernier	1			
@MaximeBernier:	1			
@MaximEristavi	1			
@maxinejoselow	1			
@MAY	1			
@MayaMurful	1			
@maybe60794885	1			
@MayneReport	1			
@MayoIsSpicyy	1			
@MAYORKAS	1			
@MazherArshad	1			
@MaziObumneke	1			
@MbabaziSamson	1			
@mbucy57	1			
@mccaffreyr3	1			
@McKinsey	1			
@mcuban	1			
@MDT	1			
@MeanKaiser	1			
@Meat_Watcher	1			
@Meati	1			
@medfreaky	1			
@mediapolitic	1			
@mediatteur	1			
@mediocre_danny	1			
@megmp3	1			
@megoo1	1			
@mehrensp7	1			
@MekaVerse	1			
@Melanie33720945	1			
@MelanyL08249168	1			
@MElcoate	1			
@melshongwe88	1			
@Mememarkets1	1			
@meng002345709	1			
@Menigoz44	1			
@MEP_Somalia	1			
@MercedesBenz	1			
@mercurialscorpi	1			
@MercyXBT	1			
@merv8888	1			
@messengitis	1			
@Metalhed471	1			
@metoffice	1			
@Mexalori2	1			
@mfansour	1			
@mgnayak5	1			
@mhofela_mhofu	1			
@MiaFarrow	1			
@MIB_India	1			
@Michael71718318	1			
@Michael80789776	1			
@michaelbd	1			
@MichaelBerrySho	1			
@MichaelCarmack_	1			
@michaeldweiss	1			
@michaeljburry	1			
@MichaelPascoe01	1			
@MichaelWX18	1			
@MichealMartinTD	1			
@MichiganFront	1			
@Mick2b	1			
@MickeyT401	1			
@micksfoley	1			
@MihaiSora	1			
@mihirssharma	1			
@Mikeabbey__	1			
@MikeCrawshaw4	1			
@mikegalsworthy	1			
@MikeGil61338704	1			
"@MikeJudge"""	1			
@MikeLadano	1			
@Mikemag73	1			
@mikenedie	1			
@mikenorman	1			
@MikeObach	1			
@mikeparry8	1			
@MikePerryavatar	1			
@mikeportsmouth	1			
@mikeresister	1			
@MikeSchmidt_eth	1			
@MikeSliferWX	1			
@MikeyG_DDS	1			
@MikmaqRights	1			
@mikurubaeahina	1			
@millmich	1			
@MillyMolly300	1			
@MiltFire108	1			
@minimoogles	1			
@MinnesotaExpat	1			
@mirandadevine	1			
@mirandaisrisen	1			
@Mirarkitty	1			
@mirci02	1			
@MiriamL99472550	1			
@MirJunaidJKWP	1			
@miss_gran_dia	1			
@Miss_Pellin	1			
@mistermaximus	1			
@MisterRatt	1			
@mithika_mwenda	1			
@MithradatesVI	1			
@MixyPisa	1			
@MizDanaClaire	1			
@mj_coats	1			
@MKahn84	1			
@MKEdits7	1			
@MKernza	1			
@mktsutherland	1			
@MLG_Alcatraz	1			
@MMBoxy	1			
@MMylova	1			
@mnwild	1			
@mo_tilla	1			
@moderateRepand1	1			
@moefcc	1			
@MOFA_Taiwan	1			
@MohammadAsfour	1			
@mohitbharatiya_	1			
@MoiraDraws	1			
@MoistureVapor8r	1			
@MoKanCAN	1			
@MoLGUganda	1			
@molly_knight	1			
@moneyacademyKE	1			
@MonicaLewinsky	1			
@MontgomeryCoMD	1			
@montspencer	1			
@Moody504___	1			
@moonbirds	1			
@morris1_k	1			
@mortgageconsult	1			
@MosesPheeha	1			
@moseytech	1			
@motsepe_patrice	1			
@Mott_Mason	1			
@MountainBark	1			
@mowermanjimmy	1			
@MpPanadol	1			
@Mr_Kinnie	1			
@MrASTM	1			
@MrAtheistPants	1			
@MrDEngland	1			
@MrEagleEye2U	1			
@MrEugeneStoner	1			
@MrFaversham	1			
@MrHedgepig1	1			
@MrJonCryer	1			
@mrlungisa	1			
@mrmakethings	1			
@MrPoppt1	1			
@mrsorokaa	1			
@MrSugarfoot	1			
@MrTbone1965	1			
@Ms_Confucious	1			
@MthMttCoe	1			
@MtKenyaNetwork1	1			
@MToph91	1			
@mtracey	1			
@mtukatana	1			
@MUKISAKEMA	1			
@MumbaichaDon	1			
@Muninn18085831	1			
@murckyroni	1			
@MurliMenon6	1			
@murpharoo	1			
@MurphyYuiko	1			
@Muskrat__	1			
@MutinyYerBoss	1			
@MVAGovt	1			
@MxoWes01	1			
@myeclipsed_sun	1			
@mygovindia	1			
@MyGreenMC	1			
@MythRaine	1			
@MyValenciaHomes	1			
@n_roettgen	1			
@N1C0L3_Awesome	1			
@Nafees4217	1			
@NafieZeta	1			
@nahvkia	1			
@Naijadailyfeedx	1			
@nameisKanu01	1			
@nammymommy	1			
@NanaJaney	1			
@Nancy_Crouse	1			
@nandoodles	1			
@NannaFlamingo	1			
@NaomiOhReally	1			
@NaomiOreskes	1			
"@narendramodi"""	1			
@Narty0071	1			
@naruruchan	1			
@Naseem_khera	1			
@NastassiaAstra	1			
@natalieevamarie	1			
@natethenate	1			
@nathaliejacoby1	1			
@NathanFried4	1			
@NathJ1212	1			
@nathxn_wyn	1			
@NativeBanter	1			
@NativeSonn	1			
@NatureEcoEvo	1			
@NaturesPoisons	1			
@Navy72Buff	1			
@NavyBrat59	1			
@Nazboleon	1			
@nbcchicago	1			
@NBCNews	1			
@NBPTROCKS	1			
@ncIMPACTsog	1			
@nealasher	1			
@NEARProtocol	1			
@nehaa_sinha	1			
@neil_parish	1			
@Neilcharles1450	1			
@NeilLinkletter	1			
@Neloangelo314	1			
@Nemesis41067680	1			
@Neolibtears	1			
@neontaster	1			
@Nerd0fPrey	1			
@nerdyant64	1			
@nerfherder731	1			
@Nestle	1			
@netshrink	1			
@neuralink	1			
@NewClimateEcon	1			
@NewforestStock	1			
@news10nbc	1			
@newscomauHQ	1			
@NewsHour	1			
@NewshubNZ	1			
@newsoncool	1			
@newsondowntown	1			
@newtgingrich	1			
@NewYorkStateAG	1			
@nexta_tv	1			
@Nexus037	1			
@NFLAlumni	1			
@NFLFilms	1			
@NfTimer	1			
@NgomaTshiamo	1			
@NGRPresident	1			
@NGRSenate	1			
@NGScott_NZ	1			
@nhk_varma	1			
@NHTSAgov	1			
@NicePadraig	1			
@nicholasgwells	1			
@NicholasTyrone	1			
@nichosheen	1			
@NickFerrariLBC	1			
@nickhedley	1			
@nickhedley.	1			
@nicklasbronk	1			
@NickMcGinley1	1			
@NickToscano1	1			
@Nicoledso	1			
@NicolleDWallace	1			
@Nidhi	1			
@nigethugrug	1			
@nikgeneburn	1			
@NikkiFried	1			
@NikolovScience	1			
@Nikolovscience	1			
@NILC	1			
@NileshO56713335	1			
@NileshShah68	1			
@NIMHgov	1			
@NiranjanAjit	1			
@NJBeisner	1			
@NJSpotlightNews	1			
@NOAA	1			
@noah_guttman	1			
@NoahCarl90	1			
@noahssembly	1			
@nobulart	1			
@NoceraUNB	1			
@NodleNetwork	1			
@NoFacebookEver	1			
@NoHiJinx	1			
@nolanolegal	1			
@nolesfan2011	1			
@nominalthoughts	1			
@noplaceforsheep	1			
@norbert_geelen	1			
@Normamjali	1			
@NoteFromSELF	1			
@notgrubles	1			
@nothin_6812	1			
@novemberrain73	1			
@NPSTanner	1			
@NRMOnline	1			
@nsgov	1			
@nshealth	1			
@nsitharaman	1			
@nspowerinc	1			
@NSUARB	1			
@NSWGovernment	1			
@nswpolice	1			
@NSwSES	1			
@NTBirdClub	1			
@nu1wcf	1			
@NuckChorris16	1			
@NukaKingLee	1			
@NullArcana	1			
@nunya45563567	1			
@nvangelder03	1			
@Nvdbd23	1			
@NWSBUFFALO	1			
@NWSMidland	1			
@NYCLee5	1			
@NYCMayor	1			
@nytopinion	1			
@nyuniversity	1			
@OAlexanderDK	1			
@ObamaFoundation	1			
@Obohobofromnobo	1			
@OccupyDemocrats	1			
@Ocgoat1	1			
@odi_et_amo_21	1			
@of_flocks	1			
@OferShinarL	1			
@officecmbihar	1			
@OfficeOfNG	1			
@OfficeOfRKSingh	1			
@OfficeofUT	1			
@OfficerEnclave	1			
@officerwaifu	1			
@OfficialVizeh	1			
@og_frostie	1			
@OghamRowan	1			
@oharamal	1			
@ohthatwelshguy	1			
@OldGuy_Wims	1			
@OldKrypton	1			
@OldLoosehead	1			
@OldSchoolRachel	1			
@oliverdarcy	1			
@OliverKBrown	1			
@OlumideIDOWU	1			
@omeeio	1			
@Onion611	1			
@OntarioNDP	1			
@OnTheFontanka	1			
@ooohglobbits	1			
@oopmouth11	1			
@OpenWebSandbox	1			
@OrbanTheButcher	1			
@OrionPax_TA	1			
@Orwell_2012	1			
@otherafrikan	1			
@OttoHuang120	1			
@OurPowerMaine	1			
@OutWithDuckism	1			
@OwenJones84	1			
@Ozpin_Cane	1			
@OzraeliAvi	1			
@P3ng1z	1			
@PACJA1	1			
@paddkav	1			
@PaddyM91467224	1			
@PaddyTott	1			
@pallavict	1			
@pallbro	1			
@PamelaBrownCNN	1			
@PaolaQP1231	1			
@PAPANURSE1	1			
@ParagHive	1			
@Parliament_Ug	1			
@partiiallystars	1			
@patagonia	1			
@patcriolo	1			
@PatrickFazio	1			
@PatrickMcEnroe	1			
@PatriotInSF	1			
@patriottxs	1			
@paulg	1			
@PaulineHansonOz	1			
@paulk652517	1			
@paulkrugman	1			
@PaulMer53	1			
@PaulOBrien	1			
@paulofaco_	1			
@paulsakkal	1			
@PaulSorrentino3	1			
@PaulSRobson	1			
@PaulTreyvaud	1			
@PavanRanaRSS	1			
@pawsplay36	1			
@pbhushan1	1			
@pcdunham	1			
@PCKJ3627	1			
@pcrickard	1			
@pddjkofficial	1			
@PeachJames_	1			
@PearseDoherty	1			
@peblackstock	1			
@PeepalFarm	1			
@Pelagia_Chari	1			
@PelosiXi	1			
@penguinlive	1			
@Pennthusiast	1			
@PenserLapres	1			
@pentops9000	1			
@PepperOceanna	1			
@Pepsi	1			
@perennialpantry	1			
@peroluwara1	1			
@PerthLive6PR	1			
@pete_rizzo_	1			
@PeteButtigieg	1			
@PeteMundo	1			
@petenajarian	1			
@Peter14306722	1			
@peterdaou	1			
@PeterStefanovi2	1			
@PeterthebigDane	1			
@PetrasPics66	1			
@pewresearch	1			
@Peytral	1			
@pez1963	1			
@pgmckim	1			
@PH11122	1			
@Phil_Lewis_	1			
@PhilipDoggart	1			
@PhilipOnions	1			
@PhilipProudfoot	1			
@Philkilonzo	1			
@PhillipCoorey	1			
@phillips_mls	1			
@PhillyFan1221	1			
@philosophybites	1			
@Phoenix_Blue	1			
@PickleMrs	1			
@Pierre_Markuse	1			
@piersmorgan	1			
@PiersUncensored	1			
@piggywillow1	1			
@PIK_Climate	1			
@pinegr0ve_	1			
@PippaViktoria	1			
@PissedOffLawyer	1			
@PJ_OwO_	1			
@PlagueofProgs	1			
@plumb_tec	1			
"@PMOIndia"""	1			
@PMulanix	1			
@pocockdavid	1			
@PodNationPods	1			
@Podolyak_M	1			
@poggydoggy	1			
@PokeKellz	1			
@pokimanelol	1			
@PolarBears	1			
@polaris01usa	1			
@PolestarCars	1			
@PoliticalToonz	1			
@politico	1			
@PolitiCrooks	1			
@politwemmy	1			
@PolybiusChamp	1			
@Pompano_Ann	1			
@ponycar06	1			
@poordart	1			
@poovulagu	1			
@PopBase	1			
@Porsche	1			
@posco	1			
@PostAshley42	1			
@potus.	1			
@Powerfm987	1			
@powr2ppl	1			
"@PrabhuNs_"""	1			
@prageru	1			
@Pragmatic_78	1			
@PraiseB2Me	1			
@PraiseHisName50	1			
@prashantsinghxz	1			
@pratiktwts	1			
@prawn_meat	1			
@prd2bsrb	1			
@PreciousAchiuwa	1			
@prernabindra	1			
@PresidencyZA	1			
@preston_rhody	1			
@prezydentpl	1			
@PRGuy17	1			
@Pricxl	1			
@PrismPrime	1			
@pritipatel	1			
@Pritish_raj	1			
@Priyamvada22S	1			
@pro2tect	1			
@ProducerJMAN	1			
@ProfAlang	1			
@profgalloway	1			
@ProfJohnBarry	1			
@ProfMickWilson	1			
"@ProfTerryHughes"""	1			
@Progress_Beth	1			
@projectPXN	1			
@protecths	1			
@ProudSocialist	1			
@pruthi_armaan	1			
@PsyChaotix37	1			
@pszalai123	1			
@Publix	1			
@Puffymonsta	1			
@pug_oddie	1			
@punctiliouspunk	1			
@PuneriKul1	1			
@purebloodops	1			
@purk1nje	1			
@Pweedywingz	1			
@pwnwtfbbq	1			
@pyatnitski	1			
@Qchasinghorse	1			
@QLDLabor	1			
@QTRBlackGarrett	1			
@Quantumfall	1			
@QuentinWillson	1			
@r_breakspear	1			
"@R4wrTiger"""	1			
@RachelKnits	1			
@rachelmewes1982	1			
@rachelstroer	1			
@rachsyme	1			
@Racing_Mackay	1			
@radicall77	1			
@RadioNational	1			
@raf_juane	1			
@RafaelNadal	1			
@Raffaldo	1			
@Raffy_Roma	1			
@raganbeth	1			
@raghav_chadha	1			
@RahulGandhi	1			
@RailaOdinga	1			
@RAILMag	1			
@rajaram1511	1			
@rajbhagatt	1			
"@rajnathsingh"""	1			
@rajoriya_anmol	1			
@ramachandra_vr	1			
@rambolosik	1			
@RamenAyzar	1			
@ramonagusta	1			
@RamsanjivRam	1			
@randolf828	1			
@Randomuser9O9	1			
@ranvijaylive	1			
@RaptorBreath	1			
@raudelmil	1			
@Raven4212	1			
@ravenesquired	1			
@Ravoyd	1			
@ray_osa	1			
@raymasseytweets	1			
@raywilton4	1			
@RAZ0RFIST	1			
@RB_Coach_KJ	1			
@RBBCLeader	1			
@RBReich.	1			
@RCarreee	1			
@RClinto57113970	1			
@rcmpgrcpolice	1			
@rcubed17	1			
@Rddedhd	1			
@rdunsheath	1			
@ReadyMontgomery	1			
@real_b4_	1			
@Real_Xi_Jinping	1			
@RealBenCarson	1			
@realcjmendes	1			
@realCleoFields	1			
@RealJamesWoods	1			
@realjohncm	1			
@RealKarenReed	1			
@reallouiehuey	1			
@RealMarkLatham	1			
@RealMickFoley	1			
@RealRaviolius	1			
@realrobcopeland	1			
@realrobdurden	1			
@realSi_jeff	1			
@RealWmGClark	1			
@rebarob22	1			
@Rebecca61148866	1			
@RebeccaforWA	1			
@Rebekahlavy	1			
@rec777777	1			
@reedgalen	1			
@Reekopant	1			
@ReelLiveFilms	1			
@ReflectionsV2	1			
@Refugees	1			
@RegimeChangeBC	1			
@reigatebanstead	1			
@RelentlessYapp	1			
@remhq	1			
@renew_economy	1			
@RenRen8980	1			
@REP57910897	1			
@RepAdamSchiff	1			
@RepAndyBarr	1			
@RepJamesComer	1			
@RepJasonCrow	1			
@RepJayapal	1			
@RepJeffries	1			
@RepMariaSalazar	1			
@RepMrvan	1			
@RepStefanik	1			
"@republic"""	1			
@ResearchGermany	1			
@ResidentSponge	1			
@Resist_05	1			
@respectmysex	1			
@restoreforward	1			
@retiredjudean	1			
@Return_of_Juice	1			
@RevJacquiLewis	1			
@RexChapman	1			
@RexexYT	1			
@rexglacer	1			
@RexHavoc8	1			
@RexMundi1918	1			
@RFelicioOficial	1			
@rGiskard_R	1			
@rhonda_harbison	1			
@rhtunstall	1			
@rianru	1			
@RicciGeri	1			
@richaanirudh	1			
@richardabetts	1			
@RichardJEngelen	1			
@RichardN7	1			
@richardrahl1086	1			
@RichHJohnson	1			
@RichLowry	1			
@RickyBona71	1			
@rickygervais	1			
@Ricochet	1			
@ride_gray	1			
@riden_biden	1			
@RieznikG	1			
@RightsSpiritual	1			
@rigidsnowflake7	1			
@riScorpian	1			
@RitaPanahi	1			
@Rituparna_Nt	1			
@Riverboatjack	1			
@Rivian	1			
@rjwilliams90	1			
@RKWinvisibleman	1			
@RLGRIME	1			
@rmayemsinger	1			
@RMConservative	1			
@RNBreakfast	1			
"@RNBreakfast"""	1			
@RnkSt7	1			
@rnz_news	1			
@roarbro	1			
@RoArquette	1			
@RobbieGramer	1			
@robbysoave	1			
@Robertamnesia	1			
@RobertH14907243	1			
@RobertLeffel	1			
@RobertMcAlay	1			
@RobertoCatesby	1			
@robertpossnett1	1			
@RobertVonB1	1			
@robin_thinks	1			
@RobinahNabbanja	1			
@RobJohn63971387	1			
@Roblev0	1			
@RobM661	1			
@RobOHanrahan	1			
@robreiner	1			
@RobRobbEdwards	1			
@Robrocco01	1			
@robwade91225	1			
@rockdaboatNL	1			
@Rocket_Man_Doug	1			
@rockit_social	1			
@RoelofBoer	1			
@RokBuck	1			
@Roland_speaks	1			
@romans118	1			
@romeu	1			
@ronenderland	1			
@RonnieTheFrog	1			
@RonniSalt	1			
@rookringer	1			
@RoostersLord	1			
@Rorix08	1			
@rosedavison_	1			
@rosesnvines	1			
@Rosewood_Farm	1			
@RosieBarton	1			
@RossGilroy	1			
@rotorbabe	1			
@Roy_Cam	1			
@Royals	1			
@RoyCooperNC	1			
@roywoodjr	1			
@RozzaKat13	1			
@RPGResource	1			
@rrabbit1202	1			
@RshakhShakhshir	1			
@RT_com	1			
@RubinReport	1			
@ruckmalc	1			
@RuleByLogic	1			
@russellcrowe	1			
@RussellHuffines	1			
@rusty_t_	1			
@RustyOtto4	1			
@rutie_xx	1			
@RVetts	1			
@rwillingham	1			
@RWindsor11	1			
@ryanaboyd	1			
@RyanAFournier	1			
@Ryanbyday	1			
@RyanZinke	1			
@ryck_nancy	1			
@ryyujjiii	1			
@s_guilbeault	1			
@s_london_lion	1			
@S4R41_K44R	1			
@Sacchai_kasath	1			
@SadhbhO	1			
@SadiqKhan	1			
@SaeedDiCaprio	1			
@safiaalamnaich	1			
@sagezza2	1			
@SahilGoyalAdv	1			
@SaintTheJase	1			
@Salmanims	1			
@SamanthaFoxy1	1			
@SamEssa8	1			
@samfilmsmiami	1			
@samgerrits	1			
@SamGold11703676	1			
@SamkeloThabede	1			
@Samloyal23	1			
@SammieJack3	1			
@samofthehil	1			
@SampsonRamm	1			
@SamSeder	1			
@sanchezcastejon	1			
@SandiaWisdom	1			
@sandibachom	1			
@sandiegodems	1			
@sandile81994899	1			
@Sandy4DT	1			
@sanjg2k1	1			
@sapnamadan	1			
@Sara_Imari	1			
@SarahDahlgren3	1			
@sarahlwalks	1			
@SarangSood	1			
@sarasidnerCNN	1			
@SarcasticRofl	1			
@SaroyaHem	1			
@sartoshi_nft	1			
@SasBattine	1			
@SassyMetisChick	1			
@satoverma	1			
@save_our_fields	1			
@SawyerMerritt	1			
@Sayar_Gyi_	1			
@sc101_101	1			
@ScaryMommy	1			
@scga_scot	1			
@schwarmerei1	1			
@Sci_Phile	1			
@Sci_Resistance	1			
"@scientificecon"""	1			
@Scimitar_SS	1			
@SciReports	1			
@scotfamparty	1			
@scotlibdems	1			
@ScotNational	1			
@ScottAdamsSays	1			
@ScottDuncanWX	1			
@ScottishWidows	1			
@ScottJenningsKY	1			
@ScotTories	1			
@scotty_perey	1			
@scottydog57	1			
@ScoutLaroo	1			
@SCROTUSinChief	1			
@SDGs4Pakistan	1			
@sdrose	1			
@SeamasBelfast	1			
@seanfoxe	1			
@seanhannity	1			
@SeattleC_Hocks	1			
@SebAaltonen	1			
@SecBlinken	1			
@SecDef	1			
@SecGranholm	1			
@SecondGentleman	1			
@SecPompeo	1			
@SecularSandwich	1			
@SecularTrainee	1			
@SecyChief	1			
@SEJAMMU_JPDCL	1			
@Sen_JoeManchin	1			
@SenateGOP	1			
@SenatorBenson	1			
@SenatorBraun	1			
@SenatorTimScott	1			
@SenEddieMelton	1			
@SenTedCruz	1			
@servicesunion	1			
@SethDillon	1			
@SethMacFarlane	1			
@setiris	1			
@SetoKaibaKin	1			
@sexyone491	1			
@sfchronicle	1			
@sfiscience	1			
@sfretwell83	1			
@Sg3912	1			
@SHABAZGIL	1			
@shadow34458	1			
@shahirmasri	1			
@Shamir2Edwine	1			
@Shamshum5	1			
@ShaneJa16905901	1			
@ShaneSt80757961	1			
@ShaneTHazel	1			
@ShannonKing1111	1			
@shannonrwatts	1			
@ShanthkumarSl	1			
@sharmajikagyan	1			
@SharonLC1980	1			
@ShastaGecko	1			
@shavneetsingh	1			
@ShearerRab	1			
@sheba_cohen	1			
@SheffCouncil	1			
@ShegorTheReador	1			
@SheilahBirgen	1			
@ShelKel2	1			
@ShelleSk8	1			
@ShellyBradbury	1			
@Shenan2020	1			
@sheoaks1	1			
@SHGames	1			
@ShibArmyBsc	1			
@shibli_dbd	1			
@shiburai_token	1			
@Shillverstein	1			
@ShingekiOf	1			
@ShinkaPlant	1			
@ShitakeNakamoto	1			
@Shiv	1			
@Shivafever	1			
@ShivamA093	1			
@shmigna	1			
@SholaMos1	1			
@shouldbuybtc	1			
@Si_Poskett	1			
@sibbo_46	1			
@SierraClub	1			
@SiggyRose1	1			
@SikkaMohoree	1			
@silviadipez	1			
@simongerman600	1			
@Simple_Shaman	1			
@simpsonAY	1			
@SimuLiu	1			
@SinatraMario1	1			
@sindhexx	1			
@Sinfulskin2	1			
@SinglServngFrnd	1			
@Sintamyr	1			
@SissyHand	1			
@sjataylor	1			
@skepticscience	1			
@SkiesInfinate	1			
@SkiOklahomaMike	1			
@skk1955	1			
@SkolGriswold	1			
@Skubasteve1969	1			
@Skw1mp	1			
@skydaddy0009	1			
@SkyKaycee	1			
@skywardfinance	1			
@SlagOffTwits	1			
@Slaybells3	1			
@Sleepless1776	1			
@sligorag	1			
@SLordDampnut	1			
@SM92615	1			
@smalimustafa	1			
@smartmonkee	1			
@smashli1228	1			
@smc429	1			
@smdiehl	1			
@Smerdikov	1			
@Smilan317	1			
@smokeythetoke	1			
@smrose29	1			
@SnapzEnt	1			
@snepink1	1			
@sneweyy	1			
@SnoqualmiePass	1			
@SnowWhiteQween1	1			
@sohosultry	1			
@sohosultry:	1			
@Solidarity_Star	1			
@SomalisUnited	1			
@somechewlip	1			
@SomeoneinLV	1			
@SonnyinSeattle_	1			
@sophielouisecc	1			
@soulofscorpion	1			
@SoulSoldSeprtly	1			
@sound_hologram	1			
@spacanpanman	1			
@SPBMcKenna	1			
@speakerbowers	1			
@Spencerfletch0	1			
@spencersmith11	1			
@spliffonlyif	1			
@sportbible	1			
@sprinBv	1			
@SPScott19	1			
@ST_phys_bot	1			
@StaciCyberspace	1			
@StandForBetter	1			
@Standup__Man	1			
@Stanford	1			
@StanysBujakera	1			
@Starling7Blue	1			
@StarSportsIndia	1			
@StartsWithABang	1			
@stats_feed	1			
@Stavi11	1			
@StavrosKamoulak	1			
@StealthFlyBy	1			
@SteamWhistle	1			
@stega1958	1			
@steph2monaco	1			
@Stephaniefishm4	1			
@stephaweena	1			
@Stephen1010102	1			
@StephenMather6	1			
@stesmithy48	1			
@steve_pomplun	1			
@SteveHallstrom	1			
@stevemartin281	1			
@StevenBeschloss	1			
@StevenTDennis	1			
@SteveShovlar	1			
@stevewillis67	1			
@StevsWorld	1			
@stiggaroo	1			
@StillDizzy2	1			
@stilllearning90	1			
@StockSwingAlert	1			
@Stonekettle	1			
@StormHour	1			
@streamlit	1			
@StrengthEwa	1			
@Strife_Team	1			
@strikeoilnow	1			
@stuartjdneil	1			
@stubborncavill	1			
@Studio10au	1			
@STVNews	1			
@stylingp128	1			
@subterfugia	1			
@sue_hrd	1			
@Sulkyjim4	1			
@SultanYavar	1			
@SummerellSteve	1			
@SunainaHoley	1			
@SundarrajanG	1			
@SunflowerSrina	1			
@Sungy_Sanga	1			
@sunlorrie	1			
@sunriseon7	1			
@SunSentinel	1			
@sunshinemind4	1			
@sup_im_sammy	1			
@SupaleeNate	1			
@Super70sSports	1			
@Superbusinesz	1			
@SuperiorPlumb11	1			
@superjude81	1			
@Surfthedesert	1			
@SushantBSinha	1			
@sushiboirock	1			
@Susie39212967	1			
@suyashp26	1			
@SVSovereign	1			
"@SwachSurvekshan"""	1			
@swampert919	1			
@swanleylion	1			
@swavedave1	1			
@swebster56	1			
@SweetLouTiger	1			
@swepal2	1			
@swiftieTV13	1			
@SwipeWright	1			
@SylviaD32911201	1			
@SylviaHoward	1			
@Synchro2021	1			
@Synchronicity34	1			
@Syndicate	1			
@tachyonspeed55	1			
@Tailoredfitatl	1			
@takeitwithsalt	1			
@talmonsmith	1			
@TamiBennett15	1			
@tandemracer	1			
@TandonRaveena	1			
@Tankman79629473	1			
@TariqYous1	1			
@Tark4Real	1			
"@tarkishorepd"""	1			
@TashaBlaze3	1			
@tass_agency	1			
@taubiex	1			
@taxpayerDOTcom	1			
@Taxpayers1234	1			
@TaylorLorenz	1			
@TAZZMANGQ	1			
@TeachAllAmerica	1			
@TeamHerschel	1			
@TearsofThemisEN	1			
@TechCrunch	1			
@TechEmails	1			
@TechInsider	1			
@Technoshire	1			
@TeddyForPA	1			
@tejasazteca	1			
@Telegraph	1			
@Tempiwmf	1			
@TerraOrBust	1			
@Terriann1017	1			
@terrymorse	1			
@TertiusIV	1			
@Teslaconomics	1			
@TeslaKing23	1			
@Tex_2A	1			
@TexasGOP	1			
@TfL	1			
@TGeorgiao	1			
@TGTM_Official	1			
@th1rt3en_TM	1			
@Th2shay	1			
@thakkar_sameet	1			
@ThatRationalFan	1			
@The_Ch1ef	1			
@The_Gazette	1			
@The_JJAllen	1			
@The_Leaver	1			
@The_Nikomo	1			
@The_Real_Fly	1			
@The_Rex_Paddock	1			
@The_Sleigher	1			
@theage	1			
@theater2021	1			
@thebear_52	1			
@thebirdmaniac	1			
@thebongrobot	1			
@TheBrianEJohns	1			
@thecakemnstr	1			
@TheCrushedBones	1			
@thedavidcrosby	1			
@TheDebbieMia	1			
@TheDeshBhakt	1			
@theDVSMarcus	1			
@TheEverai	1			
@theEverEarn	1			
@thefactroom	1			
@TheFirstOkiro	1			
@TheFrankinn	1			
@thefullspinach	1			
@TheGeekDiplomat	1			
@TheGeneral_0	1			
@TheGentYYC	1			
@theGfunk	1			
@TheGhos72578902	1			
@TheGod_Particle	1			
@thegoodgodabove	1			
@TheGoodLiars	1			
@theJagmeetSingh	1			
@TheJayHolt	1			
@thejtlewis	1			
@TheKenWeb	1			
@TheKouk	1			
@themarketswork	1			
@TheMirrorBooks	1			
@themouthyoufeed	1			
@thenewshireboy	1			
@TheOceanCleanup	1			
@theoldfarmer	1			
@TheOldManofthe3	1			
@theReal_KPHILL	1			
@TheRealStranded	1			
@therecount	1			
@Therepublicisd1	1			
@Therese29979716	1			
@TheRickyDavila	1			
@TheronC	1			
@thesanjaydutt	1			
@TheShiftNews	1			
@TheShroppieBeek	1			
@TheSocrateej	1			
@thestate	1			
@thesundaytimes	1			
@TheTalkUK	1			
@thetimes	1			
@TheTodayShow	1			
@TheTorontoSun	1			
@TheTweetOfGod	1			
@TheUndefeated17	1			
@TheVanaramaNL	1			
@TheVanaramaNL.	1			
@thewolfrocks	1			
@theWXwoman	1			
@they_lie_2_u	1			
@theywasstalkin	1			
@ThinkyTexan	1			
@Thisischero	1			
@ThisIsDavidGelb	1			
@ThisIsUche	1			
@Thomas_Geisel	1			
@Thomas_Tayebwa	1			
@ThomasB33239436	1			
@thought4day2	1			
@THR	1			
@thumblesteen	1			
@Thyla_Hohen	1			
@ticgran	1			
@TIFF_NET	1			
@TimesNewTao	1			
@TimesNow	1			
@TimHoustonNS	1			
@timjacobwise	1			
@timmyxu	1			
@timthetatman	1			
@tina_reunite	1			
@tinaagain	1			
@TinaKotek	1			
@tit_twatter	1			
@TJMair	1			
@tk_the_kitsune	1			
@TKlemNYC	1			
@TMingim	1			
@TMKSESPN	1			
@TMobile	1			
@toadmeister	1			
@tohellwithlibs	1			
@tokyorevenji	1			
@TomBobakZ	1			
@TomCadwallender	1			
@TomCottonAR	1			
@TomFTW6	1			
@tomhfh	1			
@tommcdermottjr	1			
@TommyWidd	1			
@TomReiner4	1			
@tomwatson	1			
@TonyH091963	1			
@TonyHussein4	1			
@TooSalty303	1			
@torpet002	1			
@torybruno	1			
@ToryShepherd	1			
@tousleshommes	1			
@toxicxhands_	1			
@Toyota	1			
@TPC4USA	1			
@TPCentralOdisha	1			
@tpnodl_balasore	1			
@TPSODL	1			
@TPWesternOdisha	1			
@TractorPorn	1			
@traseas7	1			
@trasplantedmike	1			
@TravisAllen02	1			
@travmcph	1			
@treeeyh	1			
@treehugger1605	1			
@TrentUni	1			
@Trev_Michaels	1			
@TrevorDKidd1	1			
@trinity00938206	1			
@TrisResists	1			
@troynovaunt	1			
@TrueAnonPod	1			
@TruthAboveAll26	1			
@TruthToPeace	1			
@truthtrumps1	1			
@TruthVulgarians	1			
@TryingToDateAOC	1			
@TSankstone	1			
@tsegerblom	1			
@tsisagajumba	1			
@Tsogang3	1			
@TTTMediaXR	1			
@TTVSPanda01	1			
@ttyEngland	1			
@TucanFalcon	1			
@TungusBusko	1			
@TuranOglu6	1			
@turnerben02	1			
@turo	1			
@tusker_fc	1			
@TuskJenkins	1			
@TVG	1			
@TweetinderKaul	1			
@TwitterSafety	1			
@TwitterSpaces	1			
@TwittyBen	1			
@twosillykittens	1			
@TWTThisIsNow	1			
@TWVASl	1			
@txiokatu	1			
@TxStormChasers	1			
@tyler	1			
@tylercowen	1			
@tylr_tylr_tylr	1			
@tz_ghauri	1			
@tzuster	1			
@ucantfindfrizi	1			
@UClubArgyll	1			
@UCT_news.	1			
@UDHDBIHAR	1			
@Ugrashravas	1			
@UKParliament	1			
@UkrainianFather	1			
@ukwondering	1			
@ulysses_alta	1			
@UNAMAlumni	1			
@UNAMPress	1			
@unamsrcofficial	1			
@UNCCD	1			
@uncledoomer	1			
@UncooperativeC	1			
@UNEP	1			
@UNHCRAsia	1			
@Unilever	1			
@UniqueBuilding5	1			
@UnkemptTopiary	1			
@UnrealJagG	1			
@UnusedBits	1			
@UpperMurrayTour	1			
@UpupaEp55949188	1			
@UROCKlive1	1			
@usa_seattle	1			
@USAFacts	1			
@USAID	1			
@USAmbNATO	1			
@uscpsycho	1			
@USDOT	1			
@userbfIy	1			
@UtvMy	1			
@uwu_anna2	1			
@vabby_16	1			
@VABVOX	1			
@ValCano14	1			
@Valerie_Storm	1			
@valeriekeane53	1			
@Valezhuu	1			
@vandeputtescott	1			
@varadmehta	1			
@VarshneyVardhan	1			
@VAS6323	1			
@vegan_walker	1			
@Vermeullarmine	1			
@vic_environment	1			
@VickyPJWard	1			
@vicrollison	1			
@VictoriaAfrica9	1			
@VictorianGreens	1			
@VictorJennpaul	1			
@ViessmannUK	1			
@vijaygajera	1			
@VijayJayaraj_CC	1			
@Villa4Assembly	1			
@VinceAnticosti	1			
@VitalVegas	1			
@vivekanandg	1			
@vix000	1			
@VMaya11156	1			
@VOCInsider	1			
@voidthatbinds	1			
@VoltInuOfficial	1			
@Voluntaryistic	1			
@voxdotcom	1			
@vstein33	1			
@VTFish1	1			
@vvesuvias	1			
@vzrv419	1			
@waddells74	1			
@wales_weather	1			
@WalkerJRoss	1			
@WallaseyWally	1			
@Wally_Wego	1			
@WalrusesAreCool	1			
@WalterIsaacson	1			
@wanderer_bolton	1			
@WanjiruNjoya	1			
@warloc1212	1			
@WarOnDumb	1			
@warren__terra	1			
@Warriormomsin	1			
@washingtonpost’s	1			
@WastedAerospace	1			
@watt4prez	1			
@WAVY_News	1			
@WayneoandDeb	1			
@Wayupnorth8	1			
@wazitofc	1			
@wcbs880	1			
@WClementeIII	1			
@wearetheunion	1			
@WeatherBug	1			
@WeBS_UK	1			
@weezmgk	1			
@WeiZhangAtmos	1			
@WelBeast	1			
@WendyRogersAZ	1			
@WenMaMa2	1			
@wesbury	1			
@WEschenbach	1			
@WesInman1	1			
@WestCoasterDC	1			
@WesterlyGael	1			
@wfaa	1			
@WFLA	1			
@WFP	1			
@wgreenaway1	1			
@WGRZ	1			
@WhackNicholson	1			
@whale_alert	1			
@Whateve867530	1			
@whereishayley	1			
@whipdoja	1			
@Whisperofsepte1	1			
@WhiteHouse	1			
@WhiteHouse?	1			
@whitelynx	1			
@WHO	1			
@WHO.	1			
@WholesomeMeme	1			
@whstancil	1			
@WhyWeAreSocs	1			
@Wiambueow	1			
@WidemanLorne	1			
@Wilber54X	1			
@WillCaskey	1			
@william_sked	1			
@William19629377	1			
@williamlegate	1			
@willpooley	1			
@willsworldview	1			
@Willy1000	1			
@WindsorMann	1			
@windycityamar	1			
@WinsomeSears	1			
@WinStarFarm	1			
@wintonARK	1			
@WisdomfromM2	1			
@WisdomSeeker123	1			
@wisemanryder	1			
@WISH_TV	1			
@WiStateJournal	1			
@witchylatte	1			
@WitnessKZN	1			
@wizard101err	1			
@WLWT	1			
@WmManry	1			
@wnedpbs	1			
@wobski421	1			
@Wolfpak561	1			
@WomenCopernicus	1			
@WondersNorbit	1			
@World_Wildlife	1			
@wovstah	1			
@wqsaves	1			
@WRIAqueduct	1			
@WRICitiesIndia	1			
@WRIEnergy	1			
@WRIIndia	1			
@WRIOcean	1			
@WRIRossCities	1			
@WSBChairman	1			
@WSJ	1			
@wxjay	1			
@wxyzdetroit	1			
@wytewzrdz	1			
@x4eileen	1			
@Xander_ether	1			
@XanderhalTV	1			
@XcademyOfficial	1			
@Xenos_Giveaway	1			
@Xfinity	1			
@xkcd	1			
@xobadbitch98xo	1			
@xproofx	1			
@xr_cambridge	1			
@XrYouth	1			
@xXErlsanXx	1			
@y2tnb	1			
@YahooNewsUK	1			
@Yalisha12	1			
@YallGotPlayed	1			
@yanarchy	1			
@YardGoat29	1			
@ybmny2	1			
@ydeigin	1			
@YellowConnasse	1			
@yeolctrl	1			
@yestiseye	1			
@yitgordon	1			
@YMG12345678	1			
@YNB	1			
@yogaskidogs	1			
@yogurtpro	1			
@yokey017	1			
@yoongishi_9	1			
@YorkshireLady3	1			
@YouGovAmerica	1			
@yoursavannahxo	1			
@YoVince	1			
@ytengra	1			
@YugiCoin	1			
@yunarts_	1			
@YvonneHinsonFL	1			
@Z_Everson	1			
@z34L0T	1			
@zachkoshgarian	1			
@ZachPugh	1			
@ZachSheldon	1			
@ZafarHu58440496	1			
@zamp69wall	1			
@Zan_Maq	1			
@ZanderDavenport	1			
@zebratron2084	1			
@ZelenskyyUa	1			
@ZemboMosca	1			
@Zephryn23	1			
@Zhonggtao	1			
@zhusu	1			
@ziontree	1			
@zlj517	1			
@zrakMalogMeseca	1			
@zuiyo_maru	1			
@ZuzanaCaputova	1			
@zypisfy	1			
