Column1;Column2;;Number of tweets;Number of persons who have tweeted this many times
@;4;;1;1995
@08Uptonpark;1;;2;279
@0marUTG;1;;3;186
@0xKruzr;1;;4;88
@1000Frolly;3;;5;55
@10kClimate;4;;6;61
@10ï¿½;1;;7;24
@11tulips;1;;8;11
@1717mule;1;;9;14
@1LegendaryMan;1;;10;5
@1VeryChillDude;1;;11;5
@1drcole;1;;12;9
@1handedfriend;1;;13;5
@1yk0s;1;;14;4
@2022Teacake;1;;15;4
@25_cycle;4;;16;7
@28delayslater;1;;17;3
@2Hugebrass;1;;18;1
@2_drac;3;;19;2
@3GHtweets;4;;20;1
@40;3;;23;1
@429jamesowens;1;;24;2
@42Gnome;1;;25;3
@44JAX44;1;;26;2
@4per1000;1;;27;1
@4tis;1;;28;3
@5_cambridge;6;;31;5
@60Minutes;10;;33;1
@6rayo0;1;;34;1
@79hfg3n3948rhf0;1;;48;1
@7YRBitchLasagna;1;;55;1
@7digitBTC;1;;111;1
@7kq201;1;;121;1
@8BrianVogel4;1;;391;1
@91996340e81d45a;6;;405;1
@971TheFreak;1;;;
@99periwinkle;1;;;
@9NEWS;1;;;
@ABAGSFBayArea;1;;;
@ABC;3;;;
@ABCReligion;1;;;
@ABCaustralia;1;;;
@ABridgen;2;;;
@ACLU;1;;;
@ADirtyRottenDog;1;;;
@ADouble777;1;;;
@AFP;1;;;
@AJEnglish;5;;;
@AJamesMcCarthy;1;;;
@AKA_RealDirty;1;;;
@ALLIANCELGB;1;;;
@ALefty123;4;;;
@ALibooss4;1;;;
@AMCTheatres;1;;;
@AMirzabaev;1;;;
@AMuseConsulting;2;;;
@ANTO_AN;1;;;
@AOC;2;;;
@AP;2;;;
@APA_Journals;1;;;
@ASI;3;;;
@ASarchus;1;;;
@AShinberger;1;;;
@ATX_PATRIOT;1;;;
@ATomalty;6;;;
@AZgeopolitics;1;;;
@AanthanurDC;1;;;
@Acon44;1;;;
@Acyn;2;;;
@AdamKinzinger;1;;;
@AdamRTNewman1;6;;;
@Adrewtate;1;;;
@AfricaFactsZone;1;;;
@AftabPureval;1;;;
@AgainMothra;3;;;
@AgentSmith_NZ;1;;;
@Aimhighffw;1;;;
"@AirResources""";1;;;
@Airbnb;4;;;
@AirbnbHelp;2;;;
@AirportUdaipur;1;;;
@AkanButNoJeezyy;1;;;
@Akilah_C;1;;;
@AkshatRathi;2;;;
@AlScottRational;1;;;
@AlanBulldor;1;;;
@AlbertJLewis6;1;;;
@Aldamir;1;;;
@AldiUK;1;;;
@AlertTrade;1;;;
@AlessandraCuff3;1;;;
@AlexBeyman;1;;;
@AlexEpstein;12;;;
@AlexMuns00;1;;;
@AlexPer51573831;1;;;
@AlexVickeryHowe;4;;;
@Alfred_StatesX;4;;;
@AllBiteNoBark88;1;;;
@Allareblessed2;16;;;
@AlohaHa59067534;1;;;
@Alphakilofury;1;;;
@AltcoinPsycho;1;;;
@AmaraSolomon7;1;;;
@AmericanMade__;1;;;
@AmlieKarl;1;;;
@AnaLuzRedux;1;;;
@AndreasSteno;1;;;
@AndrewCFollett;1;;;
@AndrewFleische7;6;;;
@AndrewOHuddle;1;;;
@AndryGiles;1;;;
@AndyPuzder;1;;;
@Andy_McLean;3;;;
@AngelRe96386095;1;;;
@AngrySalmond;1;;;
@AnindyaGraceva;1;;;
@Anna98831;6;;;
@AnnadeBuisseret;1;;;
@Anvndarnamn5;1;;;
@Anzovina;1;;;
@AounSahi;1;;;
@ApeDurden;1;;;
@AppleMusic;1;;;
@AprilHe72410660;1;;;
@ArchAng07697946;1;;;
@ArchRose90;1;;;
@AristotleMrs;1;;;
@ArmandKleinX;1;;;
@ArnMenconi;3;;;
@Arron_banks;1;;;
@ArtIsMyPorn;1;;;
@Artemis_Phoebe_;1;;;
@Artsandcultr;1;;;
@Ashleyworden77;2;;;
@AshwiniHingne;1;;;
@AtomsksSanakan;6;;;
@AuroriaTwittori;1;;;
@AuthorKimberley;1;;;
@AutismCapital;6;;;
@AwakenWithJP;16;;;
@AwooLondo;1;;;
@BATitaniumMan;1;;;
@BBCHughPym;1;;;
"@BBCJustinR""";1;;;
@BBCJustinR;2;;;
@BBCLondonNews;1;;;
@BBCNews;12;;;
@BBCOne;2;;;
@BBCSussex;1;;;
@BBCWorld;3;;;
@BBN_Commenter;1;;;
@BBfanning;1;;;
@BCBSWNY;1;;;
@BCM_TropMed;1;;;
@BDliveSA;1;;;
@BJChippindale;2;;;
@BJP4Maharashtra;1;;;
@BLM;1;;;
@BNONews;1;;;
@BONES_YARDROCK;3;;;
@BPDAlerts;2;;;
@BRANDONHILTON;1;;;
@B_Bolshevik100;2;;;
@Babs7997;4;;;
@BabyKoala196;1;;;
@BarackObama;1;;;
@BarbaraGirouard;1;;;
@Barbarajdurkin;6;;;
@BarnhartDooie;4;;;
@BaronessBruck;1;;;
@Bartwords;3;;;
@Bazothise;1;;;
@BeATopPredator;1;;;
@BeachCity55;2;;;
@BeatTheCult;2;;;
@Becketh711Dan;1;;;
@BeckettUnite;1;;;
@BecksTheGoat;1;;;
@BeeAsMarine;3;;;
@BeeFaerie;1;;;
@Bees3Three;1;;;
@Begbie07;1;;;
@Begin4N;1;;;
@BehizyTweets;1;;;
@Bellamari8mazz;1;;;
@BenGoldsmith;1;;;
@BenKoby1911;4;;;
@BenSutton5575;1;;;
@Ben_Domensino;1;;;
@Beneri11;1;;;
@Benn_X1;1;;;
@Bergeonline;1;;;
@BerkeleyEarth;3;;;
@BernaB_2013;4;;;
@BernieSpofforth;2;;;
@Bernvazquez1;3;;;
@BetoORourke;1;;;
@Betsy_McCaughey;2;;;
@BibleDDG33;1;;;
@BidenTour;1;;;
@Bielsaball28;1;;;
@Big4USA;1;;;
@BigBrotherNut;1;;;
@BigJoeBastardi;4;;;
@BigRakaDoc;2;;;
"@BiggBoss""";1;;;
@BiggBoss;1;;;
@Bigteethyouhave;1;;;
@BigusDi57278992;1;;;
@BillBeauchamp8;3;;;
@BillFOXLA;3;;;
@BillGates;4;;;
@BitsHammer;1;;;
@BivonaCarol;1;;;
@BjornLomborg;4;;;
@BlackFish775;1;;;
@Blackrussiantv;1;;;
@BlasphemousBan1;1;;;
@Bob21587443;1;;;
@Bob99292956;1;;;
@BointonGiles;1;;;
@BoostedTundra;1;;;
@BorisJohnson;1;;;
@BostonGlobe;1;;;
@BradSchimel;1;;;
@BradSchrag;1;;;
@BradSwan18;1;;;
@Bravo2Papa;1;;;
@BreitbartNew;1;;;
@BreitbartNews;12;;;
@BrentToderian;1;;;
"@BretBaier""";1;;;
@BrettLagerman;1;;;
@BrianCompston;1;;;
@BrianDennis84;4;;;
@BrianKarem;1;;;
@BrknMan;2;;;
@Bruh50347166;1;;;
@BryanDawsonUSA;1;;;
@BubbasRanch;8;;;
@BuddyVanDoodle3;1;;;
@BuffaloBills;1;;;
@BuffaloSports21;1;;;
@BurnerRoyalty;1;;;
@BuzzPatterson;1;;;
@ByIanJames;1;;;
@By_Grace_saved1;1;;;
@CAL_FIRE;1;;;
@CAMallory2;1;;;
@CAgovernor;1;;;
@CBNEWSPHOTOG;1;;;
@CBSNews;1;;;
@CChucklestein;1;;;
@CColose;1;;;
@CCross1776;1;;;
@CDMarshall7;7;;;
@CH16691143;2;;;
@CHAMPPINTO;1;;;
@CIA;3;;;
@CL4WS_OUT;1;;;
@CMcfunster;3;;;
@CNN;6;;;
@CNV_Internat;1;;;
@CPDNYInfo;1;;;
@CR7AK26;2;;;
@CabreaCabra;1;;;
@Cal5Independent;1;;;
@CaltransHQ;1;;;
@CalvinE43701301;1;;;
@CanadaKlr;1;;;
@CanadianSoma;1;;;
@Canadianworker2;5;;;
@Capellarec;1;;;
@CarbonBrief;6;;;
@CarignanAbreu;3;;;
@Carla87414309;1;;;
@CarloDangers;2;;;
@CaroDiRusso;1;;;
@CarolineLucas;1;;;
@Carolyn143413;1;;;
@CarpeDonktum;3;;;
@Cats_Coverage;1;;;
@Ceist8;7;;;
@CelticScathach;1;;;
@Censored4sure;1;;;
@Cernovich;18;;;
@ChPilgrim;1;;;
@ChadPergram;1;;;
@Chaologistician;1;;;
@Chaos2Cured;1;;;
@ChapeauToYou;1;;;
@Charalanahzard;1;;;
@ChaseCainNBC;1;;;
@Chayserx;1;;;
@Cheguevoblin;1;;;
@Chennyyyy9;1;;;
@Chief_sFriend;1;;;
@ChildFreeBC;1;;;
@Chirasha20222;1;;;
@Chr1s_not_a_bot;3;;;
@Chris96856963;1;;;
@ChrisBBacon3;7;;;
@ChrisB_Chambers;1;;;
@Chrisdebois1;1;;;
@ChristinaPushaw;1;;;
@CilComLFC;1;;;
@CitadelAir;1;;;
@CitizenFreePres;11;;;
@CivilLost;1;;;
@Cladonal;1;;;
@ClaireChenu2;1;;;
@ClaireKraatz;1;;;
@ClarissaSomeone;1;;;
@ClarryKitten;1;;;
@ClimateBen;23;;;
@ClimateCrisis;3;;;
@ClimateDad77;1;;;
@ClimateDepot;3;;;
@ClimateHuman;2;;;
@ClimateRealists;4;;;
@ClimateReality;3;;;
@ClimateSkeptic4;9;;;
@Climate_Takes;1;;;
@Climatehope2;1;;;
@Climaterra;1;;;
@CliveScott18;1;;;
@CloverMoore;1;;;
@ClownWorld_;3;;;
@CoJayLives;2;;;
@CoaltrainHunter;1;;;
@CobraTate;1;;;
@CobraTateIl;1;;;
"@Cobratate""";1;;;
@Cobratate;111;;;
"@Cobratate.""";1;;;
@Cobratate.;1;;;
@CocaCola;1;;;
@CodeRedEarth;1;;;
@Colel5;1;;;
@ColinJBettles;2;;;
@CollegeFix;2;;;
@CollinRugg;4;;;
@ColorsTV;1;;;
@ComicDaveSmith;1;;;
@CommandoOf;1;;;
@ComradeFat;2;;;
@ConceptualJames;1;;;
@ConnorJHoltkamp;1;;;
@ConradMBlack;1;;;
@Conservatives;2;;;
@ConsumersEnergy;1;;;
@CordovaPericles;1;;;
@CoryYarbrough33;1;;;
@CrazyEarthLover;1;;;
@CringeLeft;1;;;
@CrispyCX;1;;;
@CrocFuecoco;3;;;
@CrozzDogReal;1;;;
@CryptoModelTMax;1;;;
@CryptoPlainview;1;;;
@CuddlyMcCuddles;1;;;
@CyberSamurai42;1;;;
@CyrillSchmid;1;;;
@D66;1;;;
@DALupton;1;;;
@DARPA;3;;;
@DCBMEP;2;;;
@DC_Draino;1;;;
@DCtMonteCrypto;1;;;
@DDayCobra;2;;;
@DDingleson;1;;;
@DHartung13;1;;;
@DJSnM;2;;;
@DK_Able;1;;;
@DLatarche;2;;;
@DNC;1;;;
@DNCgta;1;;;
@DP24ss;1;;;
@DPJHodges;1;;;
@DPat310;1;;;
@DRAWtheREDline;1;;;
@DShox1;1;;;
@DaBoom66;1;;;
@DailyCaller;1;;;
@DailyLoud;1;;;
@DamianWallace11;1;;;
@Damo__73_;1;;;
@DanCrenshawTX;1;;;
@DanaMetcalfe5;1;;;
@DangThatJoe;4;;;
@DangerMcAwesom1;4;;;
@DaniTrump2020;1;;;
@Daniel55518262;1;;;
@Daniel_Grigg;1;;;
@DanielleBreezy;1;;;
@Danny62461886;1;;;
@Dano929a;1;;;
@DariusPridgen;20;;;
@DarkBrandonJr;1;;;
@DarkPouncer;3;;;
@Darling100;1;;;
@DarthPutinKGB;1;;;
@Data79504085;1;;;
@DaveB22664400;1;;;
@DaveOx13;1;;;
@DaveWRose;2;;;
@Davethe25219352;2;;;
@David11359148;3;;;
@DavidAsmanfox;1;;;
@DavidBr10466239;1;;;
@DavidGHFrost;1;;;
@DavidLeeShon;1;;;
@DavidLimbaugh;4;;;
@DavidMusiker;1;;;
@DavidSacks;1;;;
@David_Challen;1;;;
@Davidmetroland;3;;;
@Davincij15;1;;;
@DawnTJ90;3;;;
@DawoodMirzayi;1;;;
@Dawson94187549;1;;;
@Dcoronata;1;;;
@DeFiKyeth;1;;;
@Debber66;1;;;
@DegenerateTBone;2;;;
@Deluxe1of1;1;;;
@DenisDaly;1;;;
@DeniseRileyPWFT;1;;;
@DennD68;1;;;
@DensityWave;1;;;
@DerMellitz;1;;;
@DeromePhil;1;;;
@DetroitRedWings;1;;;
@Dev_Fadnavis;1;;;
@Devin_Heroux;1;;;
@DewaltJackson;1;;;
@Dexerto;2;;;
@DiB1017;1;;;
@DiabolicalDan;1;;;
@DianaCialino;1;;;
@DianeLily32;1;;;
@DickDelingpole;1;;;
@DiedSuddenly_;4;;;
@DigiMalice;3;;;
@DilipShah_;3;;;
@DillonOX;2;;;
@DineshDSouza;2;;;
@DirtybirdTerre1;1;;;
@DiscePuer;1;;;
@Djowieeee;1;;;
@DocSnow1;6;;;
@DoctorHenryCT;1;;;
@DodgeIntercept1;1;;;
@Doge_Turd;1;;;
@DohaDebates;2;;;
@Dominiquetaegon;1;;;
@DonaldJTrumpJr;1;;;
@DonnaLeist;1;;;
@DonnaMcNab1;1;;;
@Dora77562818;1;;;
@Dover19801;1;;;
@DrAseemMalhotra;2;;;
@DrBrianKeating;1;;;
@DrEliDavid;5;;;
@DrFrancesRyan;1;;;
@DrJBhattacharya;1;;;
@DrJamesOlsson;1;;;
@DrKatEpi;1;;;
@DrLiMengYAN1;1;;;
@DrLizaMD;1;;;
@DrLoupis;1;;;
@DrMikeSmithPR;1;;;
@DrSimEvans;4;;;
@DrWendyRocks;1;;;
@DrZahidHamidi;1;;;
@DucuGavril;2;;;
@DuikerArjan;1;;;
@DustinTL;1;;;
@DylanBurns1776;1;;;
@DylanEkes;3;;;
@DynamiteOld;1;;;
@ECCCWeatherON;2;;;
@ECCCWeatherSK;1;;;
@ECDOH;1;;;
@ECOWARRIORSS;26;;;
@ECSONY1;1;;;
@EL_Bamforth;2;;;
@EM7275;1;;;
@Earthworks;1;;;
@EcoSenseNow;6;;;
@Ecotainment_YT;4;;;
@EdRoberts9;1;;;
@EdwardLawrence;2;;;
@Edwin07011;1;;;
@Ekitipikin;1;;;
@El_Universal_Mx;1;;;
@Electroversenet;7;;;
@ElenaHaskins;1;;;
@Elickson7;1;;;
@ElieJarrougeMD;1;;;
@EliotJacobson;5;;;
@Elisilvaaaaa;5;;;
@Elizabe15308973;1;;;
@Ellie61524112;1;;;
@ElliotDavid16;1;;;
@Ellis_Greenwood;3;;;
@Elonmusk;1;;;
@EmaanzT;2;;;
@EmilyWax;1;;;
@EmmaRechenberg;4;;;
@EndWokeness;19;;;
@Endorsen;2;;;
@Enea_H;3;;;
@EricSnitilWx;1;;;
@EricTropicalTX;1;;;
@EricWil06256732;1;;;
@ErieCountyNY;1;;;
@ErlingHaaland;1;;;
@ErskineDaniel;6;;;
@Esqueer_;7;;;
@EtMar99;1;;;
@Eternal_Mewar;1;;;
@EthicsGradient;1;;;
@EthonRaptor;2;;;
@EuphoricEuler;1;;;
@EvanXDuckett;1;;;
@Evolutionistrue;1;;;
@Evry1H8sGrtzLOL;1;;;
@EwanMacKenna;1;;;
@ExhaustedMom5;1;;;
@ExpandingArctic;1;;;
@ExtinctionR;3;;;
@FBI;3;;;
@FBIBuffalo;1;;;
@FBIWFO;2;;;
"@FCC""";1;;;
@FCC;1;;;
@FChecker76;2;;;
@FDcookin123;1;;;
@FFFMAPA;2;;;
@FHound44;1;;;
@FLYNN6411;1;;;
@FLastrade;4;;;
@FOX4;1;;;
@FPunch67;2;;;
@FQKentucky;1;;;
@FT;1;;;
@FactSparrow;2;;;
@FactsOnly77;1;;;
@Faith16789;1;;;
@Faktantarkast10;1;;;
@FarSight3;1;;;
@Farmer_Boycie;1;;;
@FatEmperor;1;;;
@FemmeVoilet;1;;;
@Ferahgo684;1;;;
@Ferrariman601YT;3;;;
@FestusMcgilicu1;1;;;
@FewThing4970;1;;;
@FillmoreWhite;1;;;
@Fishman361;1;;;
@FistsFaceBrace;3;;;
@Fl0ridianTrash;1;;;
@FlZZY7;2;;;
@Flaffenbam;3;;;
@FlatEarthZone;1;;;
@Flattielover;1;;;
@FloridaNaijaPH;1;;;
@FlorioGina;3;;;
@Foiloftin;1;;;
@ForestRajasthan;1;;;
@ForgiatoBlow47;2;;;
@FoxBusiness;1;;;
"@FoxNews""";1;;;
@FoxNews;48;;;
@FoxpawMister;1;;;
@France24_en;1;;;
@Franco931723205;1;;;
@FrankAceColwell;2;;;
@FrankLuntz;1;;;
@Frankd06830;4;;;
@Franklin_Graham;1;;;
@FraserNelson;1;;;
@FredHikes;1;;;
@FredrickUphoff;2;;;
@FreeStateNH;1;;;
@FreedomGeopol;3;;;
@Freeusa99403238;1;;;
@Fridays4future;3;;;
@FriendsOScience;11;;;
@FrogBorg;1;;;
@FruityDerp;1;;;
@G20IndiaSherpa;1;;;
@G20_India_2023;1;;;
@GBNEWS;9;;;
"@GOP""";1;;;
@GOPLeader;1;;;
@GOVUK;1;;;
@GWPF_org;1;;;
@GadSaad;10;;;
@GarbonzoYankees;1;;;
@GarrettIvo;2;;;
@GaryLegum;3;;;
@GaryTheImigrant;2;;;
@GenZLeftScumbag;1;;;
@GenevieveArizo1;2;;;
@Geno02614583;1;;;
@GenoVeno73;1;;;
@Geo_rexhe;1;;;
@GeoeWatchDebunk;1;;;
@GeorgeBruno;1;;;
@GeorgeC1810;1;;;
@GeorgeHampton25;1;;;
@GeorgeJ20262901;2;;;
@GeorgeMonbiot;5;;;
@GeorgeTakei;7;;;
@GeraldKutney;27;;;
@GeraldoRivera;2;;;
@Gerashchenko_en;1;;;
@GerberKawasaki;1;;;
@GerryKeogh2002;1;;;
@Gigi69030829;1;;;
@GinaMel5107;1;;;
@GiorgosSahinis;4;;;
@Gizmodo;1;;;
@Glass3Davis;1;;;
@GlennCarr6;6;;;
@Global_Witness;1;;;
@GloppersT;1;;;
@GoGorham;1;;;
@Gobetse_M;1;;;
@GodBlesAmer1ca;1;;;
@GodlessLiz;1;;;
@GoonerReverend;1;;;
@GovAbbott;1;;;
@GovJVentura;1;;;
@GovKathyHochul;5;;;
@GovRonDeSantis;2;;;
@Govbgone;1;;;
"@Graham__Hancock""";1;;;
@GrammyC4Zone;2;;;
@GratiaMe45;1;;;
@GreekFire23;1;;;
@GreenPeterU;2;;;
@Greenpeace;3;;;
@GreenpeaceUK;2;;;
@GregAbbott_TX;5;;;
@GregInGoodCo;1;;;
@Gregnus_2022;1;;;
"@GretaThunberg""";8;;;
@GretaThunberg;391;;;
@GretaThunberg;1;;;
"@GretaThunberg?""";1;;;
@GretaThunberg?;1;;;
@Gthompson111_Bo;1;;;
@GuntherEagleman;1;;;
@Guy2Plain;1;;;
@GySgt_T;1;;;
@HHoguera;2;;;
@HLN_BE;1;;;
@HMS_Indomitable;6;;;
@HSBC;1;;;
@HackneyTerven;1;;;
@Hakimi09966557;6;;;
@Hakimi82421476;5;;;
@HalSparks;1;;;
@HaleyTessIsis;5;;;
@Hammer_doc;1;;;
@HannahBuehler;1;;;
@HanyaToderoff;2;;;
@HarlanDaniel54;1;;;
@Harmony47383691;1;;;
@HarrisSamaras;3;;;
@HarrisonKrank;1;;;
@HeatherEHeying;1;;;
@Heather_mom4nuk;1;;;
@HeavyCoach;1;;;
@HelenAnn_Texas;1;;;
@HelpingChads;1;;;
@HenricCont;3;;;
@HenrikWallin3;1;;;
@Herobrine_Iran;1;;;
@HgoKrger1;1;;;
@HiMay8TAte;1;;;
@HifiSean;1;;;
@Highway_30;1;;;
@HighwaysSEAST;2;;;
@HillbillySheila;1;;;
@Himansh09281429;1;;;
@HinodanIs;1;;;
@Hisinz;1;;;
@HistoryInPics;1;;;
@Hji45519156;1;;;
@HockeyDadCience;1;;;
@Hoffman8Russ;1;;;
@Homer4K;2;;;
@HonestFactCheck;1;;;
@HoneyBadgerBite;1;;;
@HoneycutRa;1;;;
@HouseDemocrats;3;;;
@HowThingsWork_;3;;;
@HubOtr;1;;;
@HuffPost;1;;;
@HuntersArtWork;2;;;
@I12XLR8;1;;;
@IAmJohnAles;1;;;
@IEA;1;;;
@IIIILamboIIII;1;;;
@IMattyfine;1;;;
@INArteCarloDoss;1;;;
@IPCC_CH;1;;;
@IainDale;1;;;
@IamAdamKuhn;1;;;
@IanDJbrown2;6;;;
@IanHugh07940666;1;;;
@IceAge2150;4;;;
@Ichimoku_KH;1;;;
@ImMeme0;1;;;
@ImSpeaking14;3;;;
@IndeedNoKira;1;;;
@Infernal_struct;1;;;
@InformaCosmos;1;;;
@IngersolRobert;7;;;
@IntelPointAlert;1;;;
@InternetH0F;1;;;
@Iowa_1776;1;;;
@IramiOF;1;;;
@IrineoFella;3;;;
@IronStache;1;;;
@IrshadIdris;1;;;
@IsabellaMDeLuca;2;;;
@ItsMeLoveElly;1;;;
@ItsTheAtmospher;1;;;
@Itsthestars;1;;;
@JAHarps;1;;;
@JAlan21813286;1;;;
@JBPritzker;1;;;
@JDCocchiarella;2;;;
@JFKairport;1;;;
@JJJungleJim;4;;;
@JJ_Johnson92;1;;;
@JLake33;2;;;
@JLopean;1;;;
@JQT_web3vc;1;;;
@JR4_Truth;6;;;
@JScib518;2;;;
@JSegor;1;;;
@JWildhardt;6;;;
@J_NodayzoffSpaz;1;;;
@JaapTitulaer;1;;;
@JackLynch000;1;;;
@JackPosobiec;1;;;
@JackWhoElse;1;;;
@Jack_Royston;1;;;
@JacksonLAeast;2;;;
@JadedJourney;3;;;
@JafSupO;1;;;
@JaggerAUS;1;;;
@Jagster20548365;1;;;
@Jaisans;3;;;
@Jakegsm;1;;;
@JamesBradleyCA;13;;;
@JamesCa70626795;2;;;
@JamesDe92627036;1;;;
@JamesWe70210481;1;;;
@Jamphin13;1;;;
@JanJekielek;1;;;
@JaneCaro;1;;;
@JanuaryJames;1;;;
@JasonIsbell;1;;;
@JasperBosZwolle;1;;;
@JayQueCee;1;;;
@JayStibbens;4;;;
@Jazzie654;1;;;
@Jbu_Show;3;;;
@JebraFaushay;2;;;
@JedediahBila;5;;;
@JeffBezos;1;;;
@JeffPoster71;4;;;
@Jeff_Jacoby;2;;;
@JenCages;1;;;
@JennaEllisEsq;1;;;
@Jennie_SC1;1;;;
@JennyinIdaho;1;;;
@JeppsI;2;;;
@JeremyDixonDJ;1;;;
@Jeremy_Hunt;1;;;
@JerryDunleavy;1;;;
@JessReyna2;1;;;
@JesseBWatters;31;;;
@JesseofLA;1;;;
@Jikkyleaks;1;;;
@JimBlack48;4;;;
@JimG747;1;;;
@JimboUSA1776;1;;;
@JniGoode;1;;;
@JoAmsel;1;;;
@JoJoFromJerz;9;;;
@Jo_HNGalt;3;;;
@JoeBiden;5;;;
@JoeMyGod;1;;;
@JoeTalkShow;8;;;
@JoelWBerry;1;;;
@JoeyFlex69.;1;;;
@JohanSt37105560;2;;;
@Johdirt;1;;;
@JohnBasham;1;;;
@JohnBoweActor;1;;;
@JohnCallahan42;1;;;
@JohnCena;16;;;
@JohnCha65272409;1;;;
@JohnClke;1;;;
@JohnCornyn;1;;;
@JohnDav71081644;1;;;
@JohnDublin10;2;;;
@JohnGib96895717;2;;;
@JohnKerry;1;;;
@JohnPisulaMBA;1;;;
@JohnRuddick2;1;;;
@JohnRustad4BC;1;;;
@JonErlichman;2;;;
@Jonatha88096553;3;;;
@JonathanBarkan;2;;;
@JonathanPieNews;1;;;
@Jonathan_Witt;1;;;
@Joneskeepup45;1;;;
@JordanBrace8;1;;;
@JosephPinion;1;;;
@JosephSciambra;1;;;
@JoshDenny;2;;;
@JoshGalambos;1;;;
@JoshGellers;1;;;
@JoshSehn;2;;;
@JudiciaryGOP;1;;;
@JuliaHB1;8;;;
@JulieMew2;1;;;
@JulieMu36442360;3;;;
@JulieTheCranky;1;;;
@JunkScience;14;;;
@JustCallMeFrank;1;;;
@JustStop_Oil;3;;;
@JustThi30117912;1;;;
@JustinDundon;3;;;
@JustinTrudeau;4;;;
@Justin_Ling;1;;;
@KDKA;1;;;
@KEEMSTAR;1;;;
@KGrumpallo;1;;;
@KHayhoe;13;;;
@KIRO7Seattle;1;;;
@KOB4;1;;;
@KSI;1;;;
@KSulza;1;;;
@KTLA;1;;;
@KWconditions;1;;;
@KaderAriz;1;;;
@KaiserNeko;1;;;
@KaleJPhoto;1;;;
@KaleidaHealth;1;;;
@KamKamCords;1;;;
@KamalaHarris;1;;;
@KarenDi95261360;1;;;
@KatiePavlich;31;;;
@KatySla23675833;1;;;
@Kaylan_TX;1;;;
@KeillerDon;6;;;
@Keir_Starmer;2;;;
@KeithOlbermann;1;;;
@KellDA;1;;;
@KenanGrace;1;;;
@Kenneth72712993;15;;;
@KennyXBT;1;;;
@KentuckyKavalry;1;;;
@KenyaRedCross;1;;;
@KenyanTraffic;1;;;
@KerriSue62;1;;;
@KevinMNelsonUSA;1;;;
@KezBenn;1;;;
@Khun_Roger;2;;;
@KhuramMalik;1;;;
@KimDriver11;3;;;
@Kingc_c;1;;;
@Kirky861;1;;;
@KnoxvilleMitch;1;;;
@Kootenaybob0;1;;;
@KreminLorie;1;;;
@Krensharpaw;3;;;
@Kreutzjr1;1;;;
@Krrrrock;1;;;
@KstoKris;1;;;
@Kwebbelkop;1;;;
@KySportsRadio;1;;;
@KylanSherwood;1;;;
@KyleForgeard;1;;;
@KyleSeraphin;1;;;
@LASERGIANT1;1;;;
@LBC;1;;;
@LDN_gov;1;;;
@LGAairport;1;;;
@LKTranslator;3;;;
@LMAO16640556;1;;;
@LPMisesCaucus;1;;;
@LVPXN;1;;;
@LacarpetronM;1;;;
@LaciMarieKnight;1;;;
@LadyHaywire;1;;;
@LadyOfTheOcean1;2;;;
@LakotaMan1;2;;;
@LamechLamarch25;2;;;
@LandonPeter27;1;;;
@LangmanVince;16;;;
@LaraFaye11;1;;;
@LarisVrahimis;1;;;
@LarsWienand;5;;;
@LarsonElaineM;1;;;
@LasVegasLocally;1;;;
@LaskarNasi;1;;;
@LauraKronen;1;;;
@Lauratobin1;1;;;
@LawrenceNjenga;1;;;
@LayahHeilpern;25;;;
@LeAidan098;1;;;
@LeftyUnwoke;1;;;
@Leighlines;7;;;
@LeskoBrandon20;1;;;
@LesterDent;4;;;
@LesterPaul58;1;;;
@LeverNews;2;;;
@LewisStanding1;1;;;
@Lex_491;2;;;
@LiamMaxwell09;1;;;
@LibanRabih;1;;;
@LiberTDayWalker;1;;;
@Liberal_Larry_A;2;;;
@LibertyTemen;5;;;
@LicypriyaK;1;;;
@Lietdansnewlegs;1;;;
@Lion_For_Truth;1;;;
@LisaMcA29254513;1;;;
@LisaPurdue2;1;;;
@ListerLawrence;1;;;
@Lithros;1;;;
@Littlwritergir1;1;;;
@Liv_Boeree;1;;;
@LizJonesGoddess;1;;;
@Lo_VVriter;6;;;
@Loca1ion;1;;;
@LofayPeter;8;;;
@LoganD08;1;;;
@LokeyMJB;3;;;
@LondonSEWalks;1;;;
@LordButters22;3;;;
@Lord_Gow;1;;;
@LorenzenToni;1;;;
@LoriMills4CA42;3;;;
@LorneStockman;1;;;
@LorraineAllans1;1;;;
@Losianka1;1;;;
@LouisCy72344053;2;;;
@LoveSelahFaith;1;;;
@LoveTherapis1;1;;;
@LozzaFox;3;;;
@LuboTalks;1;;;
@LucaBra66424748;1;;;
@Luckboxwinnerr;1;;;
@LucyLamplight;1;;;
@LukeEdison20;2;;;
@LukeGreer123;1;;;
@LukeGromen;2;;;
@LvivTyler;1;;;
@LydieStella;1;;;
@MCircada;1;;;
@MDNnewss;1;;;
@MENnewsdesk;1;;;
@MFA_China;1;;;
@MIAuniverse;1;;;
@MJRosenbergDad;1;;;
@MMAFayce;1;;;
@MN_Populist;1;;;
@MNageswarRaoIPS;1;;;
@MPSS_Udaipur;1;;;
@MRobertsQLD;9;;;
@MSNBC;1;;;
@MSS3RosaFerreum;1;;;
@Mac5411;1;;;
@MacScotland4;1;;;
@MackMurder1;1;;;
@Madonna;2;;;
@MaggieL;1;;;
@MailOnline;1;;;
@MalacoDeed;2;;;
@MalcolmNance;1;;;
@Malforian;1;;;
@MamaSancocho;1;;;
@Marble300;1;;;
@MarcelElliot;1;;;
@March4LifeUK;1;;;
@MarcusDAurelius;1;;;
@Marcusgibson;1;;;
@MarioFratto;4;;;
@MarioNawfal;10;;;
@MarkELacey;1;;;
@MarkMobile68;1;;;
@MarkReagan42;6;;;
@MarketWatch;1;;;
@Marriv;1;;;
@Marsha579L;1;;;
@MarshallCd;5;;;
@MartinBrampton;1;;;
@MartinCocker5;1;;;
@MartinJBern;2;;;
@Martina;1;;;
@MartyMakary;1;;;
@MartyTa94849826;1;;;
@MaryHil89111508;1;;;
@MasilelaDr;1;;;
@MattThiessenNT;1;;;
@MattWallace888;3;;;
@MattWalshBlog;3;;;
@MattZeitlin;1;;;
@Matt_Clough;1;;;
@Matt_Dillahunty;1;;;
@Matt_GS;3;;;
@Matt_Presents;2;;;
@MattehMCFCC;1;;;
@MatthewCappucci;1;;;
@MatthewLauseng;1;;;
@MatthewSmolen;1;;;
@MatthewStadlen;1;;;
@MatthewWielicki;34;;;
@Maureen06180024;1;;;
@MayorByronBrown;4;;;
@MayorofLondon;1;;;
@MayraFlores2022;2;;;
@McFluffinx;1;;;
@McQueen2134;1;;;
@McSouness;1;;;
@McgibneySteve;1;;;
@MedBennett;12;;;
@Mediaite;1;;;
@MediumGrace;1;;;
@MelissaJPeltier;2;;;
@MelissaUSAIs1;1;;;
@Meltingm8;6;;;
@Melvin_Deeply;1;;;
@MendlovitzMark;1;;;
@Meowstyx;1;;;
@MercedesBenz;1;;;
@Merry_Hippie;3;;;
@Met4CastUK;2;;;
@MetEireann;1;;;
@MetalSD_68;1;;;
@MexicanGasoline;2;;;
@Michael71718318;4;;;
@MichaelALaFond;2;;;
@Michael_D_Crow;8;;;
@MichelleMaxwell;1;;;
"@MichelleObama""";1;;;
@Miguel198522;1;;;
@MikeBetts43;3;;;
@MikeCrispiNJ;3;;;
@MikeDel21893959;3;;;
@MikeDrucker;1;;;
@MikeHudema;14;;;
@MikeKee98757989;1;;;
@MikeMasco;1;;;
@MikeWel61647760;1;;;
@Mike_P_Williams;1;;;
@MileHighRobert;1;;;
@MindyNL79;1;;;
@MingleDandy;1;;;
@MiniMooJack;1;;;
@Mining_Atoms;2;;;
@Miss_Patriciah;1;;;
@Missy8008135;1;;;
@MissyLeroy1;1;;;
@MistressRedWasp;3;;;
@Mistress__Lucy;1;;;
@MitchBenn;1;;;
@Mj56977327;1;;;
@MlamliMjambana;1;;;
@MmabathoGP;1;;;
@Moderna5G_666;3;;;
@ModestMama_;1;;;
@MohitMishra5735;1;;;
@Moisttoiletseat;1;;;
@MollyGambhir;1;;;
@MollyJongFast;1;;;
@Mon4Kooyong;1;;;
@MonaAmbegaonkar;1;;;
@MonaKAbdi;1;;;
@Monica_Corgan_;1;;;
@MonierPhd;1;;;
@MonkeyMyBack;7;;;
@MontyMontana22;1;;;
@Morcia;1;;;
@MoreTadpole;3;;;
@Morpheusresist;1;;;
@MoskovichDaniel;1;;;
@MrChiTown76;1;;;
@MrDanZak;6;;;
@MrGWharton;1;;;
@MrLarsonsFoot;3;;;
@MrMatthewTodd;14;;;
@MrOverpaid;1;;;
@MrWinMarshall;1;;;
@Mr_W_Smith;1;;;
@Mrgunsngear;2;;;
@MrkStdngr;1;;;
@MsAvaArmstrong;1;;;
@MsBananas_;1;;;
@MsCharlotteWWE;1;;;
@MucusMucous;1;;;
@MuellerSheWrote;1;;;
@Mugabedavidjuni;1;;;
@MuroCrypto;1;;;
@MurphyFergusonn;1;;;
@MurphyYuiko;1;;;
@MuskUniversity;1;;;
@MuzzaMac1;1;;;
@MyChickenDinner;1;;;
@MyQuestion17;1;;;
@MyRadar;1;;;
@MyRadarWX;2;;;
@MyStateline;1;;;
@N3S73;5;;;
@NAC3035;1;;;
@NASA;5;;;
@NASAGroundSys;1;;;
@NASAHubble;1;;;
@NASA_Orion;1;;;
@NBCNews;2;;;
@NFAKeemzus;1;;;
@NFL;1;;;
@NFT_Awareness;3;;;
@NLRebellion;1;;;
@NOAA;2;;;
@NOELreports;1;;;
@NOS;1;;;
@NPR;3;;;
@NSACyber;1;;;
@NSAGov;1;;;
@NTVNewsNL;1;;;
@NWS;1;;;
@NWSBUFFALO;1;;;
@NWSSaltLakeCity;1;;;
@NYPDretiredHV;1;;;
@NYTBen;1;;;
@N_Williams9000;1;;;
@NanHayworth;1;;;
@NannyBananna;1;;;
@NaomiLWood;3;;;
@Narvuntien;6;;;
@NashvilleDeeDee;1;;;
@NatCounterPunch;1;;;
@NatStClair;1;;;
@Nate_McMurray;1;;;
@NatesWright1306;2;;;
@NathanIHarris;1;;;
@NationAfrica;1;;;
@NayandipRakshit;1;;;
@NayokaMartinez;2;;;
@Ndaire_;1;;;
@Neoavatara;1;;;
@Nerienis;1;;;
@NewNormality20;1;;;
@NewYorker;1;;;
@NewfMom29;1;;;
@News12NJ;1;;;
@News24;1;;;
@News_8;1;;;
@NewshubNZ;1;;;
@NewsroomPtvW;1;;;
@Nguyen_anime3;1;;;
@NiMingda_GG;1;;;
@NicTrades;3;;;
@NickAdamsinUSA;4;;;
@NickLaparra;1;;;
@NickRiccardi;1;;;
@Nickidewbear;1;;;
@NickyRossDaBoss;1;;;
@NigelNelson;1;;;
@Niggledom;1;;;
@NikolovScience;7;;;
@NiusMarco;1;;;
@NobaconEgbert;1;;;
@NoelTurner194;12;;;
@Nomad_1x;8;;;
@Northern_Health;1;;;
@NosihleG;2;;;
@NotaDorR1;1;;;
@NowTechnicolor;1;;;
@Nowheremaam;1;;;
@NurseRatched84;2;;;
@OPB;2;;;
@OPIRlife;4;;;
@ObHerr;1;;;
@ObamaFoundation;1;;;
@ObedArchimedes;1;;;
@OccupyDemocrats;2;;;
@OculumLabs;1;;;
@OdinSkoll;1;;;
@Odoyle1201;1;;;
@OffGridTech_net;1;;;
@Officialneha;1;;;
@OldMechanic2;2;;;
@OleanderPlume;1;;;
@Oletros;1;;;
@OliveOwl6;1;;;
@OneLove1P;1;;;
@OptimaILiving;1;;;
@Oriental8888;1;;;
@OriginalDavidL;1;;;
@OriginalGoalie;3;;;
@Othersideofmoo1;1;;;
@OwdAlbert;1;;;
@OwenJones84;2;;;
@OwlUnholy;1;;;
@OzraeliAvi;13;;;
@PAMGRIGGS308;1;;;
@PCKJ3627;1;;;
@PFMGolf;1;;;
@POTUS;33;;;
@POTUS.;1;;;
@P_McCulloughMD;1;;;
@PacoCuatroBurro;1;;;
@PamKeithFL;1;;;
@PamelaHensley22;1;;;
@Paolo0755;1;;;
@PapiTrumpo;2;;;
@PaprikaLady;2;;;
@ParikPatelCFA;1;;;
@Partisangirl;1;;;
@PatriotCharles;1;;;
@PaulC05029823;1;;;
@PaulChapman3769;1;;;
@PaulEDawson;1;;;
@PaulHut91434196;1;;;
@PaulSkallas;1;;;
@Pedro_Pistole;1;;;
@PekingEli;1;;;
@Pepevineyard;3;;;
@PerAhlberg1;1;;;
@PerKurowski;3;;;
@Perpetualmaniac;7;;;
@PeteButtigieg;1;;;
@PeteLiquid;1;;;
@PeterDClack;28;;;
@PeterHotez;1;;;
@PeterSchiff;1;;;
@PeterSweden7;12;;;
@Peterjonsey;3;;;
@PetreSolheim;1;;;
@Phallica5;1;;;
@PheonixRising50;1;;;
@PhydellaLL;5;;;
@PickardJE;1;;;
@Pickles80936045;6;;;
@PierrePoilievre;1;;;
@Pinchekev1;1;;;
@Plasticsimpact;3;;;
@PlayOverwatch;1;;;
@PolAnimalAus;6;;;
@PoliBard;1;;;
@PoliceNG;1;;;
@PoliticsLs;1;;;
@Polt223;1;;;
@PopCrave;2;;;
@Popularpro103_;1;;;
@PorraG0;1;;;
@PresidentZT;1;;;
@PridgeWessea;1;;;
@PrimeP;1;;;
@PrisonPlanet;8;;;
@ProPelsTalk;1;;;
@ProcyonServiceG;3;;;
@ProfKlausSchwab;1;;;
@ProfessionaIYB;1;;;
@ProjectLincoln;1;;;
@PromethFire;1;;;
@ProudElephantUS;11;;;
@ProudToBeCanad4;1;;;
@ProvisionistP;1;;;
@PunkinDyer;1;;;
@PurpleSofa1;1;;;
@PutxiWhipped;1;;;
@PvdA;1;;;
@QE4_Countdown;3;;;
@QuakeMedia;1;;;
@QuantumsBack;1;;;
@R28453090;1;;;
@R6Noob_;1;;;
@RAGINxCAJUN;3;;;
@RBReich;6;;;
@RGanley;3;;;
@RLewisReports;1;;;
@RMPrendergast;1;;;
@RMcgillss;1;;;
@RNCResearch;2;;;
@ROBERTP53716986;1;;;
@ROBERT_ROUGE;1;;;
@RRB05871793;5;;;
@RSBNetwork;1;;;
@RT_com;2;;;
@RWMaloneMD;28;;;
@RachelNotley;1;;;
@RagnarLord1979;1;;;
@RahulGandhi;1;;;
@Rainmaker1973;4;;;
@RajBhavanJaipur;1;;;
@RajGovOfficial;1;;;
@RamanSinghSahab;1;;;
@Ramjet5858;1;;;
@Randi_gowithGod;1;;;
@RandyRRQuaid;1;;;
@RandyTreibel;1;;;
@RangerBigBBS;2;;;
@Ranting_Trans;1;;;
@Rap;6;;;
"@RashidaTlaib""";1;;;
@RavMABAY;1;;;
@RawAFMovies;1;;;
@RayMinehane;1;;;
@Rea1Hanniba1;5;;;
@RealAltonacke;5;;;
@RealArancini;1;;;
@RealCandaceO;1;;;
@RealDeanCain;5;;;
@RealGeoEngWatch;1;;;
@RealGregorad;1;;;
@RealJamesWoods;1;;;
@RealJonLloyd1;1;;;
@RealLamkins;1;;;
@RealMcQuel;2;;;
@RealMikeDelta1;1;;;
@RealSAIO;1;;;
@Realnotdreamer;2;;;
@Reaverbean;1;;;
@RebeccaforReal;1;;;
@Reclusive_Thorn;2;;;
@RedLightning420;1;;;
@RedOnWight;3;;;
@RedPanda6471;1;;;
@ReeverTransport;1;;;
@ReformLewis;2;;;
@Reilly2020;5;;;
@RenateKuenast;1;;;
@RenayCharlotte;1;;;
@RepAOC;1;;;
@RepArmstrongND;2;;;
@RepLloydDoggett;1;;;
@RepMTG;25;;;
@RepMalliotakis;1;;;
@RepMarkGreen;1;;;
@RepSwalwell;1;;;
@RepTroyNehls;2;;;
@RepublicanRehab;1;;;
@Retrochcop;1;;;
@ReturnOfSeymour;1;;;
@Reuters;2;;;
@RexChapman;1;;;
@RexxMosez;1;;;
@RicFlairNatrBoy;1;;;
@RicSikora;1;;;
@RichardAHolcom1;1;;;
@Ricksolve;1;;;
@Rightisred;1;;;
@RishabhPant17;1;;;
@RishiSunak;6;;;
@RisingDisciples;1;;;
@RitaPanahi;55;;;
@Rjv3J;1;;;
@Road_Closed1984;1;;;
@Roadshow11235;9;;;
@Roark_Architect;2;;;
@Rob25864425;1;;;
@RobSchneider;2;;;
@Robbo03137398;1;;;
@Robert76907841;2;;;
@RobertD38259050;1;;;
@RobertJohnDavi;28;;;
@RobertKennedyJr;2;;;
@RobertNoah2017;1;;;
@RobinApplebyMD;2;;;
@Robin_Hagues;1;;;
@Roblox;2;;;
@Robnevin01;1;;;
@Rocker7859;1;;;
@Rocky35418823;1;;;
@RoelofBoer;5;;;
@RogTallbloke;4;;;
@RogerHelmerMEP;1;;;
@RomanSMB1;1;;;
@RonDanielWetask;1;;;
@RonDeSantisFL;1;;;
@RonFancy;3;;;
@RonFilipkowski;3;;;
@RossKirby14;7;;;
@Rothbard1776;1;;;
@Route_60plus;1;;;
@Roxy74146030;1;;;
@RoyLovesAmerica;1;;;
@RoyPentland;9;;;
@RoyQHobbs;1;;;
@Royalacresrod;1;;;
@RpsAgainstTrump;4;;;
@RstrixxX;4;;;
@RubenVardanyan_;1;;;
@RudyGiuliani;1;;;
@RuralLegend;1;;;
@RushhourP;2;;;
@RussellKirlin;2;;;
@RyanAFournier;1;;;
@SBCranford;1;;;
@SBF_FTX;1;;;
@SCutwell;1;;;
@SDonziger;1;;;
@SEpatov;1;;;
@SMSforMI51;1;;;
@SNAKEPLISSK3N;1;;;
@SNOWMAN157804;1;;;
@SNetzley;1;;;
@SUITE911;1;;;
@SZOMB;1;;;
@S_D_Mannix;1;;;
@SaWilliamson9;1;;;
@SabataMichelle;1;;;
@SadhguruJV;1;;;
@SafakTimur;1;;;
@SagCat1985;5;;;
@SageHarpuia06;1;;;
@SageThinker99;4;;;
@SaleemulHuq2;2;;;
@SaltyTanker2;1;;;
@SameeraKhan;1;;;
@Samfr;1;;;
@Samfrspare;1;;;
@SamirKayande;1;;;
@SammyJentle;1;;;
@Sammy_Roth;4;;;
@SandroDemaio;1;;;
@SankaraV2020;1;;;
@SantaDecides;1;;;
@Santos4Congress;1;;;
@SaraHor76174949;6;;;
@SaranshBajpai2;1;;;
@Sargon_of_Akkad;1;;;
@Sasha67Oz;1;;;
@Sasquatch4eva;3;;;
@Satoshi2k21;3;;;
@Satoshimoto2;1;;;
@ScaryTimesNow;1;;;
@Schickie;1;;;
@ScienceBlog3;1;;;
@Scott4WA8;1;;;
@ScottAdamsSays;24;;;
@ScottCrossney;5;;;
@ScottDuncanWX;1;;;
@ScottTheGeo;1;;;
@ScottWalker;1;;;
@Scruffalufigus;1;;;
@Sdg13Un;2;;;
@SeQueLiCity;1;;;
@SeanDuffyWI;2;;;
@Sean_Sako;2;;;
@SebGorka;1;;;
@SecBlinken;3;;;
@SecretaryPete;1;;;
@SeekerTheGreat1;1;;;
@SeibtNaomi;6;;;
@SelbyK8;1;;;
@SenSanders;4;;;
@SenSchumer;1;;;
@Sen_JoeManchin;1;;;
@SenateDems;1;;;
@SenateGOP;2;;;
@SenatorCardin;1;;;
@SenatorHousakos;1;;;
@SenatorSinema;1;;;
@SesshaBatto;1;;;
@Sey_online;1;;;
@ShadowWilliam7;1;;;
@Shadowzerg;1;;;
@Shafiq_Ahmed;1;;;
@ShakenNORT4;1;;;
@ShaneJa16905901;3;;;
@Shaviooo;2;;;
@ShawnRWillson;1;;;
@Shawn_Farash;1;;;
@ShayBlondie;1;;;
@ShaytanTruth;3;;;
@SheSternly;1;;;
@ShellenbergerMD;2;;;
@ShellyRKirchoff;1;;;
@SheriLaBrant;1;;;
@ShieldofFaithBC;1;;;
@ShinMegamiJimi;9;;;
@ShivThakare9;1;;;
@Shopdogg2;3;;;
@SierraWhiskee;1;;;
@SieurdePonthieu;1;;;
@Siilentz1k;1;;;
@SilverbackSense;1;;;
@Silvercreeklady;1;;;
@SimonThomason4;1;;;
@Simstersnose;2;;;
@SirGrahamBrady;1;;;
@SirbastianMac;1;;;
@SisseyMcGill;1;;;
@SisterSarahWise;7;;;
@SjamieIt;1;;;
@Skrued1;1;;;
@SkyNews;5;;;
@SkyNewsAust;1;;;
@SnarkyDr;6;;;
@SniemN;1;;;
@SnoJusticeBro;1;;;
@SnoJusticeCuz;1;;;
@Snowden;2;;;
@SohanBMYP;2;;;
@SolarCoinNews;1;;;
@SomeSis1;1;;;
@SouthwestAir;6;;;
@SpaceX;1;;;
@Spaceman_1941;1;;;
@SparksN123;1;;;
@Sparrow3582;1;;;
@Spencerfletch0;6;;;
@SpiritofHo;1;;;
@SpiroAgnewGhost;1;;;
@Sports_Himanshu;2;;;
@StarsNStripes22;1;;;
@StephanieKelton;3;;;
@Stephen90045069;5;;;
@StereoIncognito;1;;;
@SteveBarclay;1;;;
@SteveDe00589901;1;;;
@SteveFlood3;1;;;
@SteveJenks63;2;;;
@SteveRickettsSP;4;;;
@SteveSchmidtSES;1;;;
@StewartButton;3;;;
@StigAbell;1;;;
@StockRetail;1;;;
@StockSwingAlert;1;;;
@Stonekettle;1;;;
@StrangeFunnies;1;;;
@Strangestarss;1;;;
@Stubo96781167;1;;;
@StudioBagazo;3;;;
@SuchandrikaC;1;;;
@SueHigginson_;1;;;
@Sue_MamaBear;1;;;
@SumErgoMonstro;1;;;
@SummersWave;1;;;
@SunWeatherMan;1;;;
@Sunpoches;1;;;
@SuperLazy6;1;;;
@Sustainable2050;2;;;
@SvarfvarSea;3;;;
@Swampissilly;1;;;
@SwearingForex;3;;;
@SwedenAmbBD;2;;;
@SwissAmbBD;2;;;
@SymonsYahoo;4;;;
@Synyster63;1;;;
@TDLockett12;1;;;
@THEJamesWhale;2;;;
@TIMEHistory;1;;;
@TIMGOLDFINCH;3;;;
@TJLakers01;1;;;
@TODAYshow;1;;;
@TOPDOGE007;1;;;
@TPostMillennial;3;;;
@TSN_Sports;1;;;
@TWTThisIsNow;1;;;
@TXpatriot777USA;1;;;
@TXsharon;1;;;
@TYT;1;;;
@TackettWendi;1;;;
@TacoforFive1;1;;;
@Tadel;1;;;
@TaiDecker;1;;;
@TalkTV;2;;;
@Tam_Khan;1;;;
@Tam_Resist;1;;;
@TangoGolfSierr1;1;;;
@TanyaHi22141748;2;;;
@TanyaLo71451896;2;;;
@TaraBull808;9;;;
@TastyMorsel6;1;;;
@TaylorRMarshall;5;;;
@Teebaby19588204;1;;;
@Telegraph;1;;;
@TerribleMaps;1;;;
@TerryFahey3;1;;;
@Tesla;7;;;
@TeslaCharging;1;;;
@Tesz;1;;;
@TexasChildrens;1;;;
@TexasLindsay_;1;;;
@That716Guy;1;;;
@ThatDamnFly;1;;;
@The1stLadybug;1;;;
@The20thOfApril;1;;;
@TheAnimeTrainer;1;;;
@TheBabylonBee;121;;;
@TheBuffaloNews;1;;;
@TheCVF;2;;;
@TheCryptoKennel;1;;;
@TheDannyEspada;1;;;
@TheDevilPrayer;1;;;
@TheDisproof;1;;;
@TheFinalRabbi;1;;;
@TheFlatEartherr;1;;;
@TheGreatBigC97;1;;;
@TheGreenParty;1;;;
@TheJRECompanion;1;;;
@TheLandsNotOurs;1;;;
@TheNewDailyAu;1;;;
@TheOnion;1;;;
@TheOtherGordon;1;;;
@ThePamdemic;1;;;
@TheReaganRanch;1;;;
@TheRealCoryElia;1;;;
@TheRickWilson;1;;;
@TheRickyDavila;1;;;
@TheRightMelissa;5;;;
@TheSpurrShow;1;;;
@TheTeamJaruno;1;;;
@TheTorontoSun;1;;;
@Theresa_Chapple;2;;;
@ThereseOSulliv2;4;;;
@ThinkerFl;1;;;
@ThisIsKyleR;3;;;
@ThisisRaysBlog;2;;;
@ThomasMHern;1;;;
@ThomasSirianni2;3;;;
@ThorHC11;1;;;
@Thumberlina10;1;;;
@Thuso1Africa;1;;;
@ThyArtGaming;1;;;
@Tiberious_Nero;1;;;
@Tibiyo1;1;;;
@TimRunsHisMouth;3;;;
@Tim_Burgess;1;;;
@Timcast;2;;;
@Timeforfreespe1;1;;;
@TimiWinn;1;;;
@TinthDoctor;1;;;
@TlVidz;1;;;
@ToTinkCO;2;;;
@ToddLaudy;3;;;
@Toddcun48578335;1;;;
@ToganJoe;3;;;
@Tom575935021;1;;;
@TomDoubting;1;;;
@TomFitton;31;;;
@TomMasontime;1;;;
@TomPlesier;2;;;
@TomWatzke;1;;;
@TomWhatsoeverB;4;;;
@TomiLahren;2;;;
@TommyRobinsonNS;1;;;
@TomoLovesNature;1;;;
@TonesVanessa;1;;;
@Tony40335450;1;;;
@Tony94647294;1;;;
@TonyClimate;24;;;
@ToscaAusten;1;;;
@TreatHunterDog;1;;;
@TrollingNWO;1;;;
@TroyAHendrix;1;;;
@TroyM860;1;;;
@TrueBluPatriot;1;;;
@TrumpLOST5;3;;;
@Trump_Lost_LOL_;1;;;
@Trumpbangskids;1;;;
@TrumpsPrettyWom;1;;;
@TrungTPhan;1;;;
@TruthPyRate;1;;;
@Tsogang3;1;;;
@TulsiGabbard;1;;;
@Twitsaresheep;1;;;
@Twitter;2;;;
@TwitterSupport;3;;;
@TwoSides1Truth;1;;;
@TxStHistAssoc;1;;;
@Typhonblue;1;;;
@TysonBarker8;1;;;
@UKFootball;1;;;
@UKLabour;1;;;
@UNDP_BD;2;;;
@UNGeneva;1;;;
@USAMichaelB;3;;;
@USATODAY;1;;;
@USDOT;4;;;
@USMC_Razorback;3;;;
@USNA_73;9;;;
@US_Stormwatch;15;;;
@UTDmaza;1;;;
@Ugaman01;3;;;
@UlaLomu;3;;;
@UlkaKelkar;1;;;
@UmicoreGroup;1;;;
@UncleChopperRIP;2;;;
@UniWatch;1;;;
@Unknowndhwhi;2;;;
@VP;2;;;
@VVD;1;;;
@VaccinesLove;2;;;
@ValMackinnon;3;;;
@ValaAfshar;1;;;
@Vander_Dude;5;;;
@VanquishAudio;7;;;
@VaushV;6;;;
@Vellixx;1;;;
@Veritatem2021;12;;;
@VeteranTakeBack;1;;;
@Vic_Gill;1;;;
@Victoria59L;1;;;
@Victorshi2020;2;;;
@VinceGottalotta;3;;;
@VirtuaIRepublic;1;;;
@VitalikButerin;1;;;
@VivienL57033775;1;;;
@Vlaamse_Zaak;1;;;
@VtTbQW9s3xjPOow;1;;;
@WBEN;1;;;
@WBrettWilson;1;;;
@WGRZ;1;;;
@WKBW;2;;;
@WKCosmo;1;;;
@WRIClimate;1;;;
@WSBChairman;1;;;
@WTPAreTheNews;3;;;
@WVGooner420;1;;;
@WackedinBC;1;;;
@WackyJackyNFT;1;;;
@WaheedaComrade;1;;;
@WajahatAli;1;;;
@WakioDorcas;3;;;
@WallStreetSilv;3;;;
@Wallisbadgerson;4;;;
@WanderingGaia;1;;;
@WarrenCountyGov;1;;;
@WarriorWomanDr;1;;;
@WashedReese;1;;;
@WayneAllanH;6;;;
@WeAreCanProud;4;;;
@WeDontHaveTime;16;;;
@WeRone777;4;;;
@Weatherman31074;1;;;
@WebGuyTV;3;;;
@WebcamAcademyX;1;;;
@Wegmans;1;;;
@WeiZhangAtmos;4;;;
@WelbornBeege;1;;;
@WendiLin10;1;;;
@WernerReinhard5;5;;;
"@WesleyHuntTX""";1;;;
@WesleyHuntTX;1;;;
@Whatdoesitmake;1;;;
@Whateve13391950;1;;;
@Where_Is_WaDo;1;;;
@WhiteHouse;6;;;
@WhiteWi13;2;;;
@WholeMarsBlog;2;;;
@WhoresofYore;1;;;
@WillBlackWriter;1;;;
"@WillCafe2""";1;;;
@WillHarrisAOAF;1;;;
@Willard1951;1;;;
@WilliamBonnei;4;;;
@Willy1000;1;;;
@WindFmAnalytics;5;;;
@Winston_Smith80;1;;;
@Wirbelwind_;1;;;
@WireFans;1;;;
@WontCaveDave;1;;;
@WoodyHayesTOSU;1;;;
@WxNB_;3;;;
@XBT_fi;1;;;
@XRebellionUK;1;;;
@XopxeZ;1;;;
@Y0L0Jo;1;;;
@Yahoo;1;;;
@YaleE360;2;;;
@YazbekWehbe;1;;;
@Yemi__Ajayi;1;;;
@YouAreLobbyLud;1;;;
@YouTube;1;;;
@Z3RO_Y34R;1;;;
@ZSkeledzic;1;;;
@Zacaea;1;;;
@Zaiken64;1;;;
@ZaleskiLuke;6;;;
@Zane1968;5;;;
"@ZaynAratos""";1;;;
@Zerosumgame33;1;;;
@ZiZou_109;2;;;
@ZikdaGoat;2;;;
@ZillionRoss;1;;;
@Zirnike;3;;;
@ZntvA;1;;;
@ZombiePiano;6;;;
@ZssBecker;1;;;
@_DMclynn;1;;;
@_Janey_J;1;;;
@_Kel_Varnsen_;1;;;
@_LibertyLady;1;;;
@_Masterseye;1;;;
@_Peace_Love_US;1;;;
@_PoppyBlake_;1;;;
"@__R_I_C_O____""";1;;;
@_aussie17;2;;;
@_esooMoose_;1;;;
@aIeekss;1;;;
@aSinister;8;;;
@aaa21usa;1;;;
@aargreen;3;;;
@aaru_03;1;;;
@aarysing;1;;;
@abetrade;1;;;
@abline11;1;;;
@acorman727;3;;;
@acuna_r;1;;;
@adinross;1;;;
@adriandix;1;;;
@agentsinaction;5;;;
@agidgetwidget;1;;;
@aimeeterese;1;;;
@aingadecada;1;;;
@airjaxx;1;;;
@ajk3000;1;;;
@ajlieshere;1;;;
@ajthe14thdoctor;1;;;
@akafacehots;26;;;
@alan_lingwood;1;;;
@alecwhitewolf;1;;;
@aleshadalin;1;;;
@alessa_jenner;1;;;
@alex_avoigt;2;;;
@alex_obi15;1;;;
@alexberesfordTV;1;;;
"@algore""";1;;;
@algore;11;;;
@aliciakearns;1;;;
@almostoneword;2;;;
@alonso_dm;1;;;
@alvy1972;1;;;
@amaconthetrack;2;;;
@amadi_254;1;;;
@americanwire_;2;;;
@ammocrypta;1;;;
@amsterdammed;1;;;
@amyliztweets;1;;;
@anandmahindra;1;;;
@andrewtate;1;;;
@android21539794;5;;;
@angie_anson;1;;;
@anime_simp2016;1;;;
@anna_sky9;2;;;
@annbauerwriter;1;;;
@anothertantrum;1;;;
@apgretriever;1;;;
@apoxalyps1;1;;;
@arrivaessex;1;;;
@arthur_eckart;1;;;
@arthurwatkins;4;;;
@artvandalayLTD;1;;;
@arwen_786;1;;;
@asya_lebedev;1;;;
@atensnut;1;;;
@atriana;1;;;
@atrupar;5;;;
@augustdee42;1;;;
@auroramalet;1;;;
@autozone;1;;;
@backtolife_2023;1;;;
@baldguyinit;1;;;
@balls95652097;1;;;
@barnes_law;2;;;
@baronofbarons;3;;;
@barstoolsports;1;;;
@barua_ashish;3;;;
@batalysta;1;;;
@bbcquestiontime;2;;;
@bbcweather;1;;;
@bbqsmokemann;1;;;
@bc_storm_watch;1;;;
@bdomenech;1;;;
@beamanforreal;1;;;
@beardedbarman;1;;;
@beatmastermatt;1;;;
@belledejour_uk;2;;;
@ben_kew;7;;;
@bendreyfuss;1;;;
@benmooreau;5;;;
@bennyjohnson;1;;;
@benonwine;3;;;
@benshapiro;15;;;
@berningmama412;1;;;
@berry_hardman;4;;;
@bevan_odonohue;1;;;
@beyond_reasons;1;;;
@bigpuffdaddy69;1;;;
@bigrod731;1;;;
@billgates;1;;;
@billyrr3;1;;;
@billyweather;1;;;
@birgitomo;16;;;
@bkiser8212;1;;;
@blooworld;2;;;
@blu3eyedbabii45;1;;;
@bmolo316;1;;;
@bob_alian;1;;;
@bobclendenin;3;;;
@boblister_poole;1;;;
@bodhi_child;5;;;
@bonchieredstate;1;;;
@bondrene1;2;;;
@borenbears;1;;;
@boymommaspc;1;;;
@bri_sacks;1;;;
@brian420akaKing;1;;;
@bringsmileback5;1;;;
@brithume;1;;;
@bruce_steiner;1;;;
@buckingfankers;3;;;
@bulliedbrain;1;;;
@burniethompson;1;;;
@bussulykke;1;;;
@bwv10522;1;;;
@bzarb8n1;1;;;
@c3t1p99;4;;;
@c_m_dangelo;1;;;
@caerbannog666;6;;;
@cafeweltschmerz;1;;;
@calebsmith203;1;;;
@calleymeans;1;;;
@calxandr;1;;;
@camstreet1;1;;;
@canammissing;1;;;
@cari_kent;1;;;
@carlosalcaraz;1;;;
@caroline_bcn3;1;;;
@carolinecwilder;1;;;
@catturd2;2;;;
@cb_doge;1;;;
@cbeckj;4;;;
@cburst;1;;;
@chabs60;5;;;
@cher;1;;;
@chigrl;1;;;
@choosefreedomf1;4;;;
@chris_from_fb;1;;;
@chrischirp;1;;;
@chrsomalley;1;;;
@chukishima;1;;;
@cieloyla;5;;;
@cigarwhiskey77;1;;;
@cjcheesecake;1;;;
@cjtjgeol;1;;;
@ckkoch3;1;;;
@cl1ntonserver;1;;;
@claire_pearsall;1;;;
@claudiatenney;1;;;
@climate_fact;7;;;
@climate_ice;2;;;
@climatemessages;1;;;
@closs_jeff;1;;;
@clouthub;1;;;
@cmschroe9;2;;;
@coffee_anytime;2;;;
@collinrees;1;;;
@collins_inguvu;1;;;
@coolertalkreno;1;;;
@copseworker;1;;;
@corbinsabol;2;;;
@corybernardi;3;;;
@covid_parent;1;;;
@cow_cousin;2;;;
@crimemind3;1;;;
@crlulukat;1;;;
@cspanwj;2;;;
@cswarketatora;1;;;
@curliegirlie31;2;;;
@curryja;9;;;
@cut4nil;2;;;
@cutecanukgirl;1;;;
@cvpayne;1;;;
@cyclingweekly;1;;;
@d_e_mol;6;;;
@d_foubert;1;;;
@d_pete;1;;;
@daisythelongdog;1;;;
@dakppc;1;;;
@dan613;7;;;
@danharris;1;;;
@danielk_cruz;1;;;
@danjardine72;2;;;
@dansodergren;1;;;
@darrengrimes_;2;;;
@dave4572;1;;;
@david_agape_;1;;;
@davidblake12345;1;;;
@davidmweissman;1;;;
@davidsirota;3;;;
@davidzweig;1;;;
@dbirch214;1;;;
@ddofinternet;1;;;
@deFreiheit;1;;;
@deaflibertarian;2;;;
@debbie156;1;;;
@debramhunter;1;;;
@dedsp4ce;1;;;
@demonbirtherx3;1;;;
@demunjones;1;;;
@despicarello;6;;;
@deva0706;1;;;
@dianeclectica;6;;;
@diegorivara;1;;;
@dingbatty78;1;;;
@dipbrat70;3;;;
@dirk_fasshauer;3;;;
@dirtlump2;1;;;
@dirtykurty24;1;;;
@disclosetv;1;;;
@doctorcherokee;1;;;
@dogeofficialceo;15;;;
@dogsdontliket;3;;;
@dolina_cieni;1;;;
@doll_ballet_bea;1;;;
@donnieofthedead;5;;;
@dontpanic1955;1;;;
@donwinslow;1;;;
@douglasritz;1;;;
@dphil40;1;;;
@dqschmitt15;2;;;
@drandretti1;1;;;
@drcole12;1;;;
@drdrew;1;;;
@drg1985;1;;;
@drgrinstead;1;;;
@dsheehan123;1;;;
@dudiamsalem;1;;;
@dxiamonnddd;1;;;
@eboyanti;1;;;
@ecp408;1;;;
@edavis_Larne;1;;;
@edfenergy;1;;;
@editorji;1;;;
@edmontonjournal;1;;;
@effysassperella;1;;;
@ejtastad;1;;;
@ejwwest;25;;;
@eliszus;1;;;
@elizableu;4;;;
@elizapa09980236;1;;;
"@elonmusk""";1;;;
@elonmusk's;1;;;
@elonmusk;405;;;
@emrazz;2;;;
@emyllsomar;1;;;
@engineers_feed;1;;;
@ephemeral1107;1;;;
@eric_seele;1;;;
@ericareport;2;;;
@erinbiba;1;;;
@erlhel;6;;;
@eroticCJ;1;;;
@es2shine;1;;;
@esccroads;1;;;
@ethan_harsell;4;;;
@ewither;1;;;
@explosive_pengu;4;;;
@f1lmer;1;;;
@fagandr1;2;;;
@fagologist;1;;;
@faineg;1;;;
@fangpab;1;;;
@fark;1;;;
@fasc1nate;6;;;
@fastcow33;1;;;
@fcmfcs2019;6;;;
@fema?;1;;;
@fergustp;5;;;
@fern_60;5;;;
@fern_manny;1;;;
@fff_digital;1;;;
@fff_europe;1;;;
@fickleskittle;1;;;
@findingnature;1;;;
@finneyjnr;1;;;
@fischerfischy;1;;;
@flyosity;1;;;
@foeeurope;1;;;
@fonysoprano32;1;;;
@ford546_ford;1;;;
@formfunction;1;;;
@fox8news;1;;;
@freddie07068768;7;;;
@freedlander;1;;;
@freespeach83455;1;;;
@ftchina;1;;;
@fuckgeoengineering;1;;;
@funnysmartguy12;1;;;
@fwe1991;2;;;
@gainzy222;1;;;
@garbowski_mazi;1;;;
@garryjcarlson;1;;;
@gavsten;1;;;
@gawjus_g;2;;;
@gaybe_miller;1;;;
@genericnamehear;1;;;
@genericpanic;1;;;
@geno_kusa;1;;;
@geostylegeo;1;;;
@gerbjan;1;;;
@ggreenwald;2;;;
@gianbobbo;2;;;
@givemelotsowine;1;;;
@gjcats;2;;;
@glaser_holly;6;;;
@gledhillryan;1;;;
@glinch72;7;;;
@gmbutts;1;;;
@gobruin100;1;;;
@goddessnyx74;1;;;
@gofortigger;1;;;
@goingglocal;4;;;
@goldendayze;1;;;
@goldenmatt;2;;;
@goldietaylor;1;;;
@goldminerpulse;1;;;
@goodfoodgal;1;;;
@googlenews;1;;;
@gottlobity;1;;;
@govtdude;1;;;
@grantstern;1;;;
@greenanddwight;1;;;
@greenpeaceusa;1;;;
@gregg_lowden;1;;;
@gretathunberg.;1;;;
@groenlinks;1;;;
@gsnedeker;3;;;
@gstrandberg1;1;;;
@gtconway3d;2;;;
@guardian;1;;;
@hailshamfm;1;;;
@halomancer1;2;;;
@hamburgergarden;3;;;
@harryjsisson;1;;;
@hausfath;14;;;
@hbanhire;1;;;
@hdshelter91;1;;;
@healingwhileblk;1;;;
@healthing_ca;1;;;
@heawood;1;;;
@helen44767171;1;;;
@helgy2;3;;;
@hellotefi;1;;;
@henriziolkowski;3;;;
@henryfountain;3;;;
@heydave7;1;;;
@heyheyhab;2;;;
@hfrank6048;1;;;
@hilton_ian;1;;;
@historyinmemes;5;;;
@hitchpster;2;;;
@hodgetwins;9;;;
@hooman_baeing;1;;;
@hotpersoot;1;;;
@hova_yeezus;1;;;
@hradzka;1;;;
@hrkbenowen;1;;;
@hrt6017;4;;;
@huntress2012;3;;;
@hvgoenka;1;;;
@iSlut_;1;;;
@i___Batman;1;;;
@iabfe;2;;;
@iamcardib;8;;;
@iamraisini;1;;;
@iamsrk;1;;;
@iamtheNationUSA;1;;;
@ianbirrell;2;;;
@ianbrow97534170;1;;;
@iansmithfitness;4;;;
@ibrahimthiaw;1;;;
@ifullgaz;1;;;
@illeatyourbrain;1;;;
@imago_monkei;1;;;
@imbensnow;1;;;
@imboblayton;1;;;
@immdaly;1;;;
@imtiaz_jaleel;1;;;
@incredibleindia;1;;;
@indy_swim;1;;;
@ineptelites;5;;;
@insane_voice;9;;;
@insiggybaby;2;;;
@instinctnaturel;1;;;
@inversebrah;1;;;
@isfridayTV;1;;;
@ishaansahdev;1;;;
@isle8high;1;;;
@itisjustmebabe;2;;;
@itsJeffTiedrich;2;;;
@its_fanuel;1;;;
@its_the_Dr;1;;;
@iv_stuff;1;;;
@ivory319;1;;;
@jack_turban;1;;;
@jacksonhinklle;2;;;
@jacob_richman;1;;;
@jadedlove71;1;;;
@jakeshieldsajj;1;;;
@jakezanne;1;;;
@jamesham33045;1;;;
@janineyve;3;;;
@jarboie;1;;;
@jaybee825;7;;;
@jbhearn;3;;;
@jburnmurdoch;2;;;
@jch_of;6;;;
@jcschmieder;3;;;
@jedro_;1;;;
@jeepgirl9272;1;;;
@jeevesmybanjole;1;;;
@jefftonna1;2;;;
@jemelehill;1;;;
@jessesingal;1;;;
@jessica_kirsh;1;;;
@jessica_tyciak;1;;;
@jgorman2424;1;;;
@jgreen_1980;1;;;
@jiaqi200337;1;;;
@jill0710;3;;;
@jim_plastiras;1;;;
@jimcramer;1;;;
@jimdtweet;13;;;
@jimsafranek;2;;;
@jjlfishingmetoo;1;;;
@jjobrien29;1;;;
@jk_rowling;1;;;
@jkoff609;1;;;
@jmpailhon;1;;;
@joalofer;1;;;
@joannaccherry;1;;;
@joannemim;1;;;
@joe_possibly;5;;;
@joelcomm;3;;;
@joerogan;2;;;
@john_mcguirk;1;;;
@johnkpepper;1;;;
@johnmcternan;1;;;
@johnnyhornet59;1;;;
@johnredwood;1;;;
@johnson_wrjohn1;1;;;
@johnstretch;1;;;
@jojo49547318;1;;;
@jolenebuntinguk;2;;;
@jonathanbasso1;4;;;
@jonathanpaine2;1;;;
@jonburkeUK;1;;;
@joncoopertweets;2;;;
@jonesville;6;;;
@jordanbpeterson;31;;;
@josephjames94;1;;;
@joshryanjames;1;;;
@joshua_chupik;2;;;
@joy_korneta;1;;;
@jozzzaphen;1;;;
@jr88BRUTUS;3;;;
@jscblarblar;1;;;
@jsolomonReports;1;;;
@judah47;1;;;
@juliettekayyem;2;;;
@junebug1918;1;;;
@jurasskick;1;;;
@justagirlsdad;1;;;
@justinamash;2;;;
@justuscoakley;1;;;
@jvftz;1;;;
@jwawrzon;1;;;
@k7711_bones;2;;;
@kali8989;1;;;
@kanevato;1;;;
@kate_sponsler;1;;;
@kath21_field;1;;;
@kattenbarge;4;;;
@kay_neubert;1;;;
@kbean511;2;;;
@kede1;4;;;
@keepitwilder;1;;;
@keeweeni;2;;;
@keiligion;1;;;
@keithamccluskey;6;;;
@kelleypevans;1;;;
@kelliruston;1;;;
@kelvmackenzie;1;;;
@keyakinuthia;1;;;
@kieronryan;1;;;
@kilonzocorp;1;;;
@kimmsue70;1;;;
@kingclara47;1;;;
@kingsleynnaji30;1;;;
@kmx1974;1;;;
@kourtneelynne;4;;;
@krassenstein;2;;;
@kraywhiseheart;1;;;
@ksorbs;1;;;
@ktbeast8;3;;;
@ktibus;1;;;
@kudostim;1;;;
@ladyspat1;1;;;
@ladytoughguy;1;;;
@larryelder;3;;;
@latimeralder;1;;;
@latimes;2;;;
@latimesopinion;3;;;
@laurenboebert;6;;;
@lavern_spicer;9;;;
@le_gorafi;1;;;
@lechita0326;1;;;
@leftfielder;2;;;
@lemmabarkaloo;1;;;
@leptura1;6;;;
@lessflying;2;;;
@lexfridman;1;;;
@liardog420;2;;;
@libsoftiktok;17;;;
@lilbabygandhi;1;;;
@lilmunch_kin;1;;;
@lindyli;1;;;
@liquiddahang;17;;;
@lisahsmithlhs;1;;;
@litisequity;1;;;
@llowellw;1;;;
@lmhallml;1;;;
@lolol;1;;;
@lornaslater;2;;;
@lostandlovinit;1;;;
@lottkaren54;1;;;
@lrozen;1;;;
@luiru;1;;;
@m11308012;1;;;
@m78574;1;;;
@mac_an_ghoill;4;;;
@macaiyla;1;;;
@macheteada;1;;;
@macinthemiddle;1;;;
@macroliter;1;;;
@madisonlcarter;2;;;
@mait0sis;1;;;
@makmilo1;1;;;
@manchotperdu;2;;;
@mannarachelg;1;;;
@mano;1;;;
@mantedid911;1;;;
@marcomendicino;1;;;
@marcusnelson;1;;;
@margbrennan;1;;;
@margrazyna;1;;;
@mariherbert;1;;;
@markbenhall;1;;;
@markinkorea;4;;;
@marklevinshow;1;;;
@markp1950;1;;;
@markpoloncarz;5;;;
@marscybertruck;1;;;
@martdarv;1;;;
@martinez7jon;1;;;
@martypartymusic;2;;;
@maseo101;1;;;
@mat_schmaltz;2;;;
@matrixgoth;1;;;
@matshenricson;1;;;
@matthew_pines;2;;;
@matthew_rs;1;;;
@matthewervin;1;;;
@mattlanza;1;;;
@mattletiss7;1;;;
@mattsissons25;1;;;
@mattxiv;1;;;
@max_gagliardi;1;;;
@maxedge051;1;;;
@mbyhoff;7;;;
@mckeds;1;;;
@mearmstrong77;1;;;
@medhanarmada;1;;;
@meebs0;1;;;
@meemaw_wendy;1;;;
@megan24173859;1;;;
@melinagoranson;1;;;
@memarkyb;1;;;
@men_legends;1;;;
@mentalmal1;8;;;
@meowmixxe;2;;;
@metoffice;31;;;
@mgarcia523;1;;;
@michaelgove;1;;;
@michaeljknowles;1;;;
@michellmybell1;1;;;
@mieknathshinde;1;;;
@migueldeicaza;1;;;
@mike_lucullus;2;;;
@mike_maric;1;;;
@mikehandles1313;1;;;
@mikesayers;4;;;
@mikeslastword;5;;;
@mikethecrash;1;;;
@mimishooty;1;;;
@mindedmusically;3;;;
@minneapolisbob1;1;;;
@mintymcm;1;;;
@mirukuopp;1;;;
@mk_indy;1;;;
@mkolken;3;;;
@mmpadellan;12;;;
@mnyomb1;4;;;
"@mo02643291""";1;;;
@mogrant61;5;;;
@moholynagy9;1;;;
@molsjames;1;;;
@mom2gbd;1;;;
@mommydog67;2;;;
@mongolhan3;1;;;
@monitoringbias;1;;;
@moodsofaquarius;1;;;
@morgfair;1;;;
@mpo619;1;;;
@mr_ed_peters;1;;;
@mrbayoa1;1;;;
@msolurin;1;;;
@mssnurse21;2;;;
@mtaibbi;2;;;
@mthombothi;1;;;
@mtracey;1;;;
@mugger124;1;;;
@murrry2_26;1;;;
@mxfellner;3;;;
@my_rajasthan;1;;;
@mynameisBethS;1;;;
@mysteriouskat;6;;;
@n0leksum;3;;;
@najjar_richard;3;;;
@narendramodi;2;;;
@nazirafzal;1;;;
@nbcwashington;1;;;
@ncdave4life;1;;;
@nedryun;1;;;
@neesietweets;1;;;
@neiljmcevoy;1;;;
@neiltyson;4;;;
@nellslad;1;;;
@news4buffalo;2;;;
@newsjunky2;1;;;
@nfray20;1;;;
@nick_advice;1;;;
@nickcooper1110;2;;;
@nickhedley;1;;;
@nikkitamboli;1;;;
@nilikm;3;;;
@ninaturner;10;;;
@njbtweet;12;;;
@nmrqip;1;;;
@no2wind;2;;;
@noclador;1;;;
@nommerofcookies;1;;;
@noonenowhere39;1;;;
@norkbork1;1;;;
@notayesmansecon;3;;;
@notclosetolegal;1;;;
@nowthisnews;1;;;
@nybirdnews;1;;;
@nylgk;1;;;
@nypost;6;;;
@nyspolice;1;;;
@nytimes;9;;;
@oOPPHOo;1;;;
@oakden_wolf;5;;;
@ocschwar;1;;;
@odktiger;1;;;
@officialtripoli;1;;;
@oldtoolhound;1;;;
@omgmikeawesome;1;;;
@omsale;1;;;
@onamp;1;;;
@ondgo4fr;1;;;
@oo7MGSocom;4;;;
@opinion;5;;;
@organicdot;1;;;
@orridge_anna;16;;;
@ozzorro1;1;;;
@p28br;1;;;
@p8stie;1;;;
@p_jeanne97;1;;;
@paligap17;1;;;
@papajonspodcast;3;;;
@parents4future;19;;;
@parismarx;1;;;
@parsazx;1;;;
@pastorlocke;1;;;
@pat@mstdn.social;1;;;
@patrickbetdavid;1;;;
@patricksavalle;1;;;
@patriottakes;1;;;
@pauladamsalber1;1;;;
@paulapoundstone;1;;;
@peacher_martin;1;;;
@peblackstock;4;;;
@penguins;1;;;
@pepsimen69420;1;;;
@percbender;1;;;
@peta;1;;;
@peteratcmc;1;;;
@phd_destiny;1;;;
@pinkheretic;1;;;
@piratehaki;1;;;
@pjackson_nl;1;;;
@pjavidan;2;;;
@pjcolbeck;1;;;
@pjmuk_mk;1;;;
@planntika_;1;;;
@pmarca;4;;;
@pnjaban;1;;;
@policy_uk;1;;;
@polo_kimani;1;;;
@polyninjadude;1;;;
@ponycar06;1;;;
@pookietooth;1;;;
@poopers79381088;1;;;
@potus;3;;;
@prageru;1;;;
@primkup1;1;;;
@princetrisy;1;;;
@priscian;7;;;
@professorbriggs;1;;;
@provii8;1;;;
@pulte;1;;;
@purgatxri;1;;;
@puustinen;1;;;
@qfd_bruce;1;;;
@queeenbxx;1;;;
@questlove;1;;;
@rafay_alam;1;;;
@randallwcarlson;1;;;
@ratman720;1;;;
@ravelesm;1;;;
@rawsalerts;1;;;
@realAnilReddy;1;;;
@realDonaldTrump;1;;;
@realGeorgeHotz;3;;;
@realJohnJHoward;4;;;
@realMWO;1;;;
@realRubenSim;1;;;
@real_aahmad;1;;;
@realdavec;1;;;
@realdonald;1;;;
@realjamesgonz;1;;;
@redsteeze;1;;;
@reneesundberg;1;;;
@retrover16;1;;;
@reveIovers;1;;;
@rexglacer;1;;;
@richardtallent;1;;;
@richardwakelin3;1;;;
@richfromatl;2;;;
@richschaller54;1;;;
@rinaudo_tony;1;;;
@rinxto;1;;;
@rjohnson_ca;1;;;
@rln_nelson;7;;;
@robb1138;1;;;
@robk84;1;;;
@robo_thug;1;;;
@robsmithonline;1;;;
@rodgray;1;;;
@roger_clague;2;;;
"@romanpiso""";1;;;
@ronkonoma;4;;;
@ronwthomas;1;;;
@rosa_noctis;2;;;
@rosegar17673310;3;;;
@rozhubley;1;;;
@rsa_trucker;1;;;
@rsnoeljr;1;;;
@rubiginosa;2;;;
@ruffydfire;1;;;
@rugilandavyi;1;;;
@rulody;1;;;
@rwmacleod;1;;;
@ryangrim;1;;;
@ryans_wx;17;;;
@saberhc;2;;;
@saifedean;2;;;
@sainsburys;1;;;
@sairasameeraroa;1;;;
@salehmalrajhi1;1;;;
@saltiregers;1;;;
@sammk1964;3;;;
@sandorjohnson;2;;;
@sanjanacurtis;3;;;
@sayitnspinit;1;;;
@scherfcom;1;;;
@sciam;3;;;
@sciencewithtyus;1;;;
@scottcwheeler;1;;;
@scrowder;4;;;
@seahavenfm;1;;;
@seancasten;1;;;
@seandm69;1;;;
@seannew93780151;2;;;
@seattletimes;1;;;
@seb6s;1;;;
@sebbrown86;1;;;
@see_veee;1;;;
@sharonlambert0;1;;;
@shawnmpatterson;1;;;
@sheepsleepdeep;2;;;
@shellyt561;3;;;
@shicks_sam;1;;;
@shimjelly;1;;;
@sho_fliteinvest;1;;;
@shrekvivre;1;;;
@shuma0963;3;;;
@siddharthkara;1;;;
@sideen_dan;1;;;
@sign__languages;1;;;
@simonharris_mbd;1;;;
@sirDukeDevin;2;;;
@sixfootcandy;1;;;
@skdh;11;;;
@skiffprivacy;1;;;
@slinkescouse;1;;;
@sm1invincible;1;;;
@smithcr01;1;;;
@sniffyfoot;1;;;
@sophielouisecc;4;;;
@sound_hologram;1;;;
@spann;1;;;
@spectator;2;;;
@spikestabber;1;;;
@sportingking365;1;;;
@ssw560lab;1;;;
@starkicus;1;;;
@stats_feed;6;;;
@stefan66x;1;;;
@steffenhe;1;;;
@stephen822004;2;;;
@steveat31545038;1;;;
@stillgray;13;;;
@stilling_time;1;;;
@stone_toss;4;;;
@storyfireapp;1;;;
@strummaster42;1;;;
@stufordyce;2;;;
@subrataNE;1;;;
@sumitomedia;1;;;
@sushi_ginger1;1;;;
@sushil_pm;1;;;
@svenriedel18;1;;;
@sw_hi_coo;1;;;
@swcrisis;6;;;
@tRick_the_only;3;;;
@t_ftop;1;;;
@taadelodun;1;;;
@talipes;4;;;
@talliedar;1;;;
@tallnblonde1;3;;;
@talltidefan;2;;;
@tan123;3;;;
"@taokarim2000""";1;;;
@teddybearaholic;1;;;
@telecomsreg;1;;;
@tene;1;;;
@tensu77;1;;;
@terryb600;1;;;
@teslaownersSV;2;;;
@texansgal;1;;;
@teymoornabili;6;;;
@theCCCuk;1;;;
@theJagmeetSingh;1;;;
@theMRC;1;;;
@theProgEqualist;1;;;
@the_boring_dad;1;;;
@theclipperslim;1;;;
@thegingerdame;1;;;
@thehill;1;;;
@themanupstairz;1;;;
@theoutec;6;;;
@therealrukshan;2;;;
@theserfstv;1;;;
@thesonofstan;1;;;
@thevivafrei;2;;;
@thummarukudy;1;;;
@tickman6;1;;;
@timfprice;3;;;
@timstarr2001;1;;;
@tintreg;1;;;
@tippy2k2;1;;;
@tjhutchings71;1;;;
@tjmurphy501;1;;;
@tmi3rd;1;;;
@toadmeister;5;;;
@toddynd;10;;;
@tomS95506859;3;;;
@tomaxlu;1;;;
@tomborelli;1;;;
@tomoprater;3;;;
@tomselliott;1;;;
@tonipremium;1;;;
@tonyannett;2;;;
@totallyengaging;2;;;
@toughtalkty;1;;;
@trader1sz;1;;;
@trussliz;3;;;
@truthnotkind;1;;;
@ttyEngland;1;;;
@turismormurcia;1;;;
@tweetMalena;1;;;
@twobitidiot;1;;;
@tychox;1;;;
@tyrelle123;1;;;
@ubique60;1;;;
@udreams30;1;;;
@ufoefighter007;1;;;
@unimockups;1;;;
@universal_sci;1;;;
@unusual_whales;2;;;
@upblissed;1;;;
@uraniumpill;1;;;
@usaf__vet;1;;;
@vanessa_vash;4;;;
@variegated2;3;;;
@venom1s;1;;;
@vikings_co;1;;;
@vikramchandra;1;;;
@vkgavg;1;;;
@vnorian;5;;;
@voicemorgantown;1;;;
@voxdotcom;1;;;
@w_terrence;1;;;
@wanderer_jasnah;1;;;
@warmachineofdio;1;;;
@warmachineofgod;3;;;
@washingtonpost;3;;;
@wattsupwiththat;4;;;
@waxliberty;3;;;
@wealdendistrict;1;;;
@weatherbell;3;;;
@weatherchannel;3;;;
@weatherchannel.;1;;;
@weberj502;1;;;
@wef;3;;;
@weirdterrifying;3;;;
@west_awake1;2;;;
@westhamfootball;1;;;
@whatgives1313;1;;;
@wil_da_beast630;3;;;
@williamlegate;1;;;
@wjack76995;1;;;
@wlbeeton;6;;;
@wo44971190;1;;;
@wokesocieties;1;;;
@woonomic;3;;;
@wsquared43;1;;;
@wyonaf;5;;;
@xXMediaSuxAssXx;1;;;
@xojex;1;;;
@xqwapologist;1;;;
@xxghostface420;2;;;
@yaboynancy;1;;;
@yaf;1;;;
@yeg_sewer_rat;1;;;
@younggreenparty;1;;;
@yourmomswatchin;1;;;
@zenx;2;;;
@zerglnft1453;1;;;
@ziggystardogs;1;;;
@zippkode;2;;;
