Name;Number of tweets;;;Number of tweets;Number of persons who have tweeted this many times
@thebadstats;71;;;1;3091
@jordanbpeterson;59;;;2;506
@elonmusk;54;;;3;137
@joerogan;45;;;4;73
@TheDisproof;30;;;5;79
@Barbarajdurkin;27;;;6;26
@GeraldKutney;27;;;7;16
@Climatehope2;26;;;8;8
@DawnTJ90;26;;;9;4
@BrknMan;25;;;10;2
@MikeDel21893959;24;;;11;2
@ejwwest;24;;;12;4
@robhon_;24;;;13;2
@JohnDublin10;23;;;15;4
@Narvuntien;23;;;16;2
@POTUS;23;;;17;3
@0Sundance;22;;;18;22
@IngersolRobert;22;;;19;5
@AristotleMrs;21;;;20;1
@MedBennett;21;;;21;4
@RobMeekel;21;;;22;2
@SniemN;21;;;23;3
@Tcaddy5;20;;;24;3
@10kClimate;19;;;25;1
@Canadianworker2;19;;;26;2
@DickMackintosh;19;;;27;2
@IanDJbrown2;19;;;30;1
@SBF_FTX;19;;;45;1
@ClimatePoet;18;;;54;1
@Cypress_NL;18;;;59;1
@Fiddlers__Green;18;;;71;1
@FnAssoe;18;;;;
@GlennCarr6;18;;;;
@GuyGadboisGuyG1;18;;;;
@Kenneth72712993;18;;;;
@KimmoTorikka;18;;;;
@Kootenaybob0;18;;;;
@NoelTurner194;18;;;;
@OscarsWild1;18;;;;
@P03940098;18;;;;
@Paul4Science;18;;;;
@RijpeW;18;;;;
@TaroIstok;18;;;;
@fergy1999;18;;;;
@joe_possibly;18;;;;
@njbtweet;18;;;;
@rln_nelson;18;;;;
@rmack2x;18;;;;
@robinlarder;18;;;;
@wlbeeton;18;;;;
@HalBrow68884227;17;;;;
@StormSignalSA;17;;;;
@WayneAllanH;17;;;;
@GerardMLaw;16;;;;
@jimdtweet;16;;;;
@25_cycle;15;;;;
@All_Day_SCIfi;15;;;;
@FoxNews;15;;;;
@GretaThunberg;15;;;;
@Willard1951;13;;;;
@keithamccluskey;13;;;;
@CNN;12;;;;
@Twitter;12;;;;
@ny_gracie;12;;;;
@trussliz;12;;;;
@pauladamsalber1;11;;;;
@wkyc;11;;;;
@Robert76907841;10;;;;
@internetowner;10;;;;
@Ceist8;9;;;;
@FriendsOScience;9;;;;
@Spotify;9;;;;
@Tesla;9;;;;
@CTVNews;8;;;;
@FLSERT;8;;;;
@Nockit1;8;;;;
@PrisonPlanet;8;;;;
@RepThomasMassie;8;;;;
@RushhourP;8;;;;
@ncdave4life;8;;;;
@weatherchannel;8;;;;
@BjornLomborg;7;;;;
@Cornell;7;;;;
@MdRisette;7;;;;
@Monstercoyliar;7;;;;
@NWSBoston;7;;;;
@SkepticalMutant;7;;;;
@SkyNews;7;;;;
@TonyBaduy;7;;;;
@WinWithScience;7;;;;
@chimera414;7;;;;
@cjtjgeol;7;;;;
@doritmi;7;;;;
@glinch72;7;;;;
@insane_voice;7;;;;
@mcfunny;7;;;;
@provaxtexan;7;;;;
@AlexEpstein;6;;;;
@AndrewLazarus4;6;;;;
@ClimateRealists;6;;;;
@DavidSuzukiFDN;6;;;;
@FChecker76;6;;;;
@Jaisans;6;;;;
@JaniceDean;6;;;;
@JoeBiden;6;;;;
@JustinTrudeau;6;;;;
@KCTaz;6;;;;
@KeillerDon;6;;;;
@KevinBoston25;6;;;;
@Mark_A_Lunn;6;;;;
@MarshallCd;6;;;;
@RealCandaceO;6;;;;
@Robin_Hagues;6;;;;
@ScottMorrisonMP;6;;;;
@TransientState;6;;;;
@boston25;6;;;;
@dan613;6;;;;
@gzeromedia;6;;;;
@hausfath;6;;;;
@nytimes;6;;;;
@pcraindia;6;;;;
@thinks_about_it;6;;;;
@wtam1100;6;;;;
@1tsakeeper;5;;;;
@AGWIsHappening;5;;;;
@AOC;5;;;;
@AbsoluteGnosis;5;;;;
@B_Bolshevik100;5;;;;
@BolzmannMichael;5;;;;
@BookerSparticus;5;;;;
@BradPKeyes;5;;;;
@BridgetHolmstro;5;;;;
@CHSdoctor;5;;;;
@ChrisBBacon3;5;;;;
@ChrisPollone;5;;;;
@ClaudetteGGibs1;5;;;;
@DanteEarthboy;5;;;;
@Data79504085;5;;;;
@DeckardJodi;5;;;;
@DimitrisTzannis;5;;;;
@EricWil06256732;5;;;;
@EthonRaptor;5;;;;
@Fannyi5;5;;;;
@Gladfly1;5;;;;
@GregCoo85844909;5;;;;
@GregTruman4;5;;;;
@JSegor;5;;;;
@J_EmpyreanGoals;5;;;;
@JimeeLiberty;5;;;;
@JonathanHannah;5;;;;
@JustThi30117912;5;;;;
@LandonNTooke;5;;;;
@LibGodfrey;5;;;;
@LizHersch1;5;;;;
@MagnoliaHoney2;5;;;;
@MailOnline;5;;;;
@MartinJBern;5;;;;
@MichaelEMann;5;;;;
@NASA;5;;;;
@NPR;5;;;;
@NickMcGinley1;5;;;;
@NonlinearDarren;5;;;;
@PLHartungRN;5;;;;
@PeterMayfitz;5;;;;
@ProfMickWilson;5;;;;
@PurolatorInc;5;;;;
@RoyPentland;5;;;;
@S_D_Mannix;5;;;;
@SallyJiggles;5;;;;
@ScottAdamsSays;5;;;;
@SeamusMacSuibh1;5;;;;
@SotirisBakaimis;5;;;;
@Stephen90045069;5;;;;
@TWTThisIsNow;5;;;;
@Telegraph;5;;;;
@TheBoeAmos;5;;;;
@TommyLambertOKC;5;;;;
@Truthntranspare;5;;;;
@UN;5;;;;
@ZSRenn;5;;;;
@_GlobalCrisis_;5;;;;
@algore;5;;;;
@ammocrypta;5;;;;
@andylumm;5;;;;
@cieloyla;5;;;;
@don85375;5;;;;
@doyendon;5;;;;
@flyonthewall182;5;;;;
@gregchoat;5;;;;
@guardian;5;;;;
@jallen1315;5;;;;
@jwickers;5;;;;
@kath2cats;5;;;;
@maymayentrata07;5;;;;
@neiltyson;5;;;;
@raouldukeerik;5;;;;
@richykirsh;5;;;;
@rosmadiwahab;5;;;;
@sammy44231;5;;;;
@skepticalprune;5;;;;
@sussanley;5;;;;
@tomsirolimus;5;;;;
@;4;;;;
@1;4;;;;
@1Astroturf;4;;;;
@45Kerri;4;;;;
@AllMattNYT;4;;;;
@AnaKasparian;4;;;;
@Anvndarnamn5;4;;;;
@AxelSavage4;4;;;;
@BL4CKsH33P6;4;;;;
@BillNye;4;;;;
@BorisJohnson;4;;;;
@BtotheC67;4;;;;
@CloneDwarf;4;;;;
@EnesFreedom;4;;;;
@FillmoreWhite;4;;;;
@GNev2;4;;;;
@GavinNewsom;4;;;;
@Gordon_DHG;4;;;;
@GovRonDeSantis;4;;;;
@Hedendom;4;;;;
@JackPosobiec;4;;;;
@JimBowersclimb;4;;;;
@JohnGiuliano7;4;;;;
@JohnnyD93941059;4;;;;
@MarcherMedia1;4;;;;
@MarkMcGowanMP;4;;;;
@Michael71718318;4;;;;
@Michael_D_Crow;4;;;;
@Moderna5G_666;4;;;;
@N034N;4;;;;
@NeasdenParade;4;;;;
@PeterDClack;4;;;;
@PoeBrianL;4;;;;
@PopSci;4;;;;
@ReaganHentschel;4;;;;
@RichardDawkins;4;;;;
@RidaAller;4;;;;
@ScienceBlog3;4;;;;
@ScienceChannel;4;;;;
@ScienceMagazine;4;;;;
@SecGranholm;4;;;;
@SenTedCruz;4;;;;
@Snowden;4;;;;
@Tempora23227548;4;;;;
@TinTincognito;4;;;;
@Tony__Heller;4;;;;
@UNFCCC;4;;;;
@USCriticalMess;4;;;;
@Veritatem2021;4;;;;
@Weaktwos;4;;;;
@WeiZhangAtmos;4;;;;
@YouTube;4;;;;
@aginnt;4;;;;
@atrembath;4;;;;
@bex_fur;4;;;;
@claude_roumain;4;;;;
@crankyfucker;4;;;;
@fawzi9753;4;;;;
@gptnshl;4;;;;
@hasanthehun;4;;;;
@jameshamblin;4;;;;
@johnlar67449223;4;;;;
@rdqBlueRidge;4;;;;
@s_guilbeault;4;;;;
@sapp_erlot;4;;;;
@schwarz;4;;;;
@thedailybeast;4;;;;
@theserfstv;4;;;;
@visegrad24;4;;;;
@volpiranyas;4;;;;
@wkycweather;4;;;;
@zeetubes;4;;;;
@zerohedge;4;;;;
@6e_20;3;;;;
@8BrianVogel4;3;;;;
@ACKCurrent;3;;;;
@AlecStapp;3;;;;
@Alphae1978;3;;;;
@AtlantaBravesga;3;;;;
@Barrtecforever;3;;;;
@BernieSpofforth;3;;;;
@BirdZage;3;;;;
@Birdseye1;3;;;;
@BoredApeYC;3;;;;
@CBSNews;3;;;;
@COP26;3;;;;
@CanYouHearMeN15;3;;;;
@CirclesSpinning;3;;;;
@CityAM;3;;;;
@ClaudeNavarre1;3;;;;
@ClimateDepot;3;;;;
@CookDayNight;3;;;;
@CraigFM1789;3;;;;
@CreativeScty;3;;;;
@Dave92442188;3;;;;
@DrDMurray1;3;;;;
@DuckLoogie;3;;;;
@EviemaRee777;3;;;;
@FD03955088;3;;;;
@FireandIce1227;3;;;;
@Forsolace;3;;;;
@FrancisSuarez;3;;;;
@FreeThinker_369;3;;;;
@Fueldog3;3;;;;
@GAWHeckman;3;;;;
@GailAlfarATX;3;;;;
@GeorgeMonbiot;3;;;;
@GotAntibods;3;;;;
@Gregdabutcher;3;;;;
@Groningen1R;3;;;;
@Hirdman;3;;;;
@IPCC_CH;3;;;;
@JdubAndrew;3;;;;
@JimCantore;3;;;;
@JoeShaw111;3;;;;
@Julie_NoNumbers;3;;;;
@KAS22_KaaRinn_S;3;;;;
@KamalaHarris;3;;;;
@LearnedLarry;3;;;;
@LucyGoBag;3;;;;
@MarquardtA;3;;;;
@MatthewNewell67;3;;;;
@McDonalds;3;;;;
@MeUndies;3;;;;
@MeddlinMegs;3;;;;
@NWSMiami;3;;;;
@Noahpinion;3;;;;
@OAftershave;3;;;;
@OccupyDemocrats;3;;;;
@Openly;3;;;;
@PastAndPresennt;3;;;;
@Paul4dogs;3;;;;
@PhilipPower13;3;;;;
@PogueMoran;3;;;;
@RedSoxMVP;3;;;;
@RioStover;3;;;;
@SGMTrailbuilder;3;;;;
@Shannon94939960;3;;;;
@ShelbyKStewart;3;;;;
@Skeptiguy1;3;;;;
@Stp2100;3;;;;
@TPostMillennial;3;;;;
@TheWreckingBal5;3;;;;
@TurkishAirlines;3;;;;
@TyroneWJackson;3;;;;
@Variety;3;;;;
@WFLA;3;;;;
@WeatherProf;3;;;;
@WholeMarsBlog;3;;;;
@Worcanna;3;;;;
@_RaiseTheBlack_;3;;;;
@_SierraBreeze_;3;;;;
@afneil;3;;;;
@amyklobuchar;3;;;;
@babyyoda_me;3;;;;
@benshapiro;3;;;;
@bibbydebob;3;;;;
@boomaero;3;;;;
@bostonradio2;3;;;;
@brandondaly2018;3;;;;
@capitalismandf1;3;;;;
@catturd2;3;;;;
@darth_logic;3;;;;
@deplorableretz;3;;;;
@disclosetv;3;;;;
@doom37455413;3;;;;
@endorb;3;;;;
@ericfisher;3;;;;
@ever_texas4;3;;;;
@garygreno;3;;;;
@ggreenwald;3;;;;
@gjcats;3;;;;
@goodtroubless;3;;;;
@inversedotcom;3;;;;
@jasperlm5;3;;;;
@jjsabbagh1;3;;;;
@johnson_wrjohn1;3;;;;
@katvelours;3;;;;
@kristieoglu;3;;;;
@ksorbs;3;;;;
@libsoftiktok;3;;;;
@lileepeechew;3;;;;
@lovedovehug;3;;;;
@mBScnTV;3;;;;
@marvin_hill123;3;;;;
@megynkelly;3;;;;
@miles_commodore;3;;;;
@mrreidscott;3;;;;
@nasdaily;3;;;;
@nickelsgb;3;;;;
@nikkillavender;3;;;;
@nrknyheter;3;;;;
@nypost;3;;;;
@ogilville1;3;;;;
@paco7320;3;;;;
@ragipsoylu;3;;;;
@rdcarrington;3;;;;
@red__RD;3;;;;
@rtenews;3;;;;
@sandraclunie;3;;;;
@simongerman600;3;;;;
@spiralwrap;3;;;;
@sugar1420;3;;;;
@tedcruz;3;;;;
@truthsearch1957;3;;;;
@weathermodels_;3;;;;
@wef;3;;;;
@wunderground;3;;;;
@wxbywilliams;3;;;;
@zazzybritches;3;;;;
@1GarethWynJones;2;;;;
@1LastRepublican;2;;;;
@1Quetzalcoatl1;2;;;;
@4morian5;2;;;;
@6lennybravo;2;;;;
@9livez1;2;;;;
@ABC;2;;;;
@AFP;2;;;;
@AGoldsmithEsq;2;;;;
@ALionsR04R;2;;;;
@AP;2;;;;
@ATT;2;;;;
@Acosta;2;;;;
@AdorablePodcast;2;;;;
@AlanMyron;2;;;;
@AlbaneseJoe;2;;;;
@AlboMP;2;;;;
@Alex_on_A14;2;;;;
@AlexpiersonAMP;2;;;;
@AnaAslan1897;2;;;;
@AndrewDyke11;2;;;;
@AndryGiles;2;;;;
@AndyMac84956921;2;;;;
@Anna98831;2;;;;
@AusTodayListnr;2;;;;
@AustinoCadence;2;;;;
@Ayandi07684809;2;;;;
@BPeske;2;;;;
@BTS_twt;2;;;;
@Back_dafucup;2;;;;
@Badams820;2;;;;
@BayNootParfait;2;;;;
@BeLikeWahter;2;;;;
@BichonAtLaw;2;;;;
@BlancheKnox5;2;;;;
@Blockworks_;2;;;;
@BlueStarCaptain;2;;;;
@Blueishparadigm;2;;;;
@BobANDE42235496;2;;;;
@Boballard13;2;;;;
@Bodhi2022;2;;;;
@BodhisattvaKat;2;;;;
@BradSchrag;2;;;;
@BrandonDavisBD;2;;;;
@BrazilInst;2;;;;
@BrazilInst’s;2;;;;
@BrockKrause;2;;;;
@Buddhiststeak;2;;;;
@CAgovernor;2;;;;
@CBS12;2;;;;
@CBears74;2;;;;
@CDCgov;2;;;;
@CGrift;2;;;;
@CMikeSF;2;;;;
@CNBC;2;;;;
@Captbobdad;2;;;;
@Casey8590;2;;;;
@CattleBreeders;2;;;;
@ChrisPBacin;2;;;;
@CindisPLace;2;;;;
@CleeseRaymond;2;;;;
@Climate24877412;2;;;;
@ClimateCatastr3;2;;;;
@ClimateCrisis;2;;;;
@ClimateDad77;2;;;;
@ClimateOfGavin;2;;;;
@CodingEtudes;2;;;;
@ConceptualJames;2;;;;
@CoralBlob;2;;;;
@Cudagras;2;;;;
@CurnowBronwyn;2;;;;
@DCGreenZone1;2;;;;
@DamienGranz;2;;;;
@DanPatrick;2;;;;
@DaveOx13;2;;;;
@DavidJSla;2;;;;
@Davidtrinder5;2;;;;
@DiMartinoBooth;2;;;;
@Donosthenes;2;;;;
@DrEricDing;2;;;;
@DrManax;2;;;;
@Dragofix;2;;;;
@ECOWARRIORSS;2;;;;
@EDavidAn;2;;;;
@ERCOT_ISO;2;;;;
@EatSleepCruise;2;;;;
@Einarr906;2;;;;
@EliApple;2;;;;
@EnrelChi;2;;;;
@EricTopol;2;;;;
@ErrantVigilante;2;;;;
@Eshzfn;2;;;;
@EstesPga;2;;;;
@ExtinctionR;2;;;;
@Ezquid;2;;;;
@FDRLST;2;;;;
@Flattielover;2;;;;
@ForTheirVoice;2;;;;
@FrankDElia7;2;;;;
@Fridays4future;2;;;;
@GHGGuru;2;;;;
@GOP;2;;;;
@Gab031996;2;;;;
@GangstaMimi;2;;;;
@Gems4Kimber;2;;;;
@GeoffMiami;2;;;;
@GhostOfLuv3;2;;;;
@Ginger_Zee;2;;;;
@GovAbbott;2;;;;
@GovKathyHochul;2;;;;
@GovMurphy;2;;;;
@GovernorVA;2;;;;
@Greenpeace;2;;;;
@GregAbbott_TX;2;;;;
@Grimnien;2;;;;
@Gritty20202;2;;;;
@Grumpyme4;2;;;;
@HALcruises;2;;;;
@Hold2LLC;2;;;;
@HoundTheLibs;2;;;;
@HouseGOP;2;;;;
@HowardWorf;2;;;;
@ITVNewsPolitics;2;;;;
@IanHugh07940666;2;;;;
@IceAge2150;2;;;;
@IcnirpMick;2;;;;
@IdunsDaughter;2;;;;
@ImVeeMk;2;;;;
@IndiaWeatherMan;2;;;;
@ItsZaeOk;2;;;;
@JDNEngland;2;;;;
@JGainsbourgh;2;;;;
@JKash000;2;;;;
@JNFUSA;2;;;;
@JSmiffey;2;;;;
@JawKneeFaiv;2;;;;
@Jaxzon2008;2;;;;
@JenCages;2;;;;
@Jennie_SC1;2;;;;
@JerryCann1;2;;;;
@Jerusalem_Post;2;;;;
@JimTheSSR;2;;;;
@JingoHigh;2;;;;
@JoeVogel_;2;;;;
"@JohnCornyn""";2;;;;
@JohnWDean;2;;;;
@Jonnyporkchop;2;;;;
@JsharkJill;2;;;;
@JujuliaGrace;2;;;;
@JulianneLimaTV;2;;;;
@JustPlaying2Win;2;;;;
@JustinCPorter;2;;;;
@JustinMikulka;2;;;;
@KalliopiNikita;2;;;;
@Kathmarval;2;;;;
@KathrynTewson;2;;;;
@Keir_Starmer;2;;;;
@KierstenWarren;2;;;;
@KikiAdine;2;;;;
@KimberlyMcKeeve;2;;;;
@Kolyin;2;;;;
@Kraven_Raven24;2;;;;
@LTrader25;2;;;;
@LaurieSpoon;2;;;;
@LiamKav;2;;;;
@LiberalAus;2;;;;
@LisaMarieBoothe;2;;;;
@Lissthesassy;2;;;;
@LoCoSiEmPrE;2;;;;
@LouisCy72344053;2;;;;
@LoyalRo29280019;2;;;;
@LuciaRendn4;2;;;;
@Lucian_DP;2;;;;
@Lungah___;2;;;;
@MLedaloo;2;;;;
@MSNBC;2;;;;
@MajorFactor2;2;;;;
@Malibujammin;2;;;;
@MaliniP;2;;;;
@MarionMartin199;2;;;;
@MarkTho29550016;2;;;;
@MartinBrampton;2;;;;
@Martina;2;;;;
@MassachusettsWx;2;;;;
@MattHancock;2;;;;
@MayorofLondon;2;;;;
@McFaul;2;;;;
@Mchael21592783M;2;;;;
@MeaganPhelan;2;;;;
@MeredithFrost;2;;;;
@MickusDickus;2;;;;
@Militant_Gnomes;2;;;;
@MishMei;2;;;;
@MsBlaireWhite;2;;;;
@NATO;2;;;;
@NReveillee;2;;;;
@NYFan1986;2;;;;
@Neilyoung;2;;;;
@Never_Sur_ender;2;;;;
@News12LI;2;;;;
@NickFerrariLBC;2;;;;
@NickKristof;2;;;;
@NorthmanTrader;2;;;;
@OblivionVortex;2;;;;
@OffGridTech_net;2;;;;
@OldGrump9;2;;;;
@OldManGenius;2;;;;
@OmairaGill;2;;;;
@Opinionfluid;2;;;;
@PUCTX;2;;;;
@PacAussie;2;;;;
@Patrici46824123;2;;;;
@PatsKarvelas;2;;;;
@Patti64715066;2;;;;
@Paul204731131;2;;;;
@PegaxyOfficial;2;;;;
@PierrePoilievre;2;;;;
@Q_Estrada;2;;;;
@RMaioris;2;;;;
@Rachael712A;2;;;;
@RealDoctorT;2;;;;
@RealGene;2;;;;
@RedloraineV;2;;;;
@Refugees;2;;;;
@RenfieldThomas;2;;;;
@RepAnnaEshoo;2;;;;
@RepDanCrenshaw;2;;;;
@RepJayapal;2;;;;
@RepSpeier;2;;;;
@RepublicanRehab;2;;;;
@Reuters;2;;;;
@Rhonda52807071;2;;;;
@RichardGrenell;2;;;;
@Richard_L_100;2;;;;
@RlalbrechtTroy;2;;;;
@RobSchneider;2;;;;
@RobertRayWx;2;;;;
@RobfromMO;2;;;;
@RollingStone;2;;;;
@RonFilipkowski;2;;;;
@RonniSalt;2;;;;
@Royalacresrod;2;;;;
@RustyAway;2;;;;
@SBNation;2;;;;
@SZOMB;2;;;;
@SaltyCiniMinis;2;;;;
@SandraNotSandy1;2;;;;
@ScarBrainz;2;;;;
@Schwarzenegger;2;;;;
@ScienceJustWins;2;;;;
@SenSanders;2;;;;
@SenateDems;2;;;;
@Seynie;2;;;;
@ShellyRKirchoff;2;;;;
@Simba_JB1969;2;;;;
@Sinner_Lilith;2;;;;
@SoyBoyRoy1;2;;;;
@SpeakerPelosi;2;;;;
@SpookyJay36;2;;;;
@SpoonOfZeke;2;;;;
@SquadThen;2;;;;
@SteveNegusMasr;2;;;;
@StirredCrazy;2;;;;
@StrokeyStratfo1;2;;;;
@SumatraSue;2;;;;
@TWCAlexWilson;2;;;;
@TWCChrisBruin;2;;;;
@TakethatCt;2;;;;
@TalWilkins;2;;;;
@Tam_Resist;2;;;;
@TamePunk;2;;;;
@Tbull426;2;;;;
@TexasGOP;2;;;;
@TheAtlantic;2;;;;
@TheDailyShow;2;;;;
@TheLegalBrain1;2;;;;
@TheRealPengod;2;;;;
@TheWilsonCenter’s;2;;;;
@The_Doctor_Why;2;;;;
@The_Real_Feisty;2;;;;
@Theon_Orbis;2;;;;
@Timcast;2;;;;
@ToTheLifeboats;2;;;;
@TobyRayEnglish;2;;;;
@TonyBrunoShow;2;;;;
@Top_Muppetries;2;;;;
@TorontoStar;2;;;;
@TrashcanTake;2;;;;
@Traveler3906;2;;;;
@TroyCross24;2;;;;
@TruBluRayne;2;;;;
@Trying2Focus;2;;;;
@TuckerCarlson;2;;;;
@TyotoRiffle;2;;;;
@UHDreviews;2;;;;
@UNDP;2;;;;
@UNEP;2;;;;
@USCIS;2;;;;
@UnRapporteur1;2;;;;
@UseLogicPlease1;2;;;;
@VP;2;;;;
@VitalikButerin;2;;;;
@VoiceHQ;2;;;;
@VootSelect;2;;;;
@WGNMorningNews;2;;;;
@WGNNews;2;;;;
@WHurensohn;2;;;;
@WPLGLocal10;2;;;;
@WTA;2;;;;
@WeatheReportNFT;2;;;;
@WediSpaghetti;2;;;;
@WestonJK;2;;;;
@WidnesRufc;2;;;;
@_M__D__D_;2;;;;
@__KalypsoRising;2;;;;
@_david_ho_;2;;;;
@_mamadeb;2;;;;
@aSinister;2;;;;
@abrokenprince;2;;;;
@adamrank;2;;;;
@adrienneelrod;2;;;;
@aeberman12;2;;;;
@ahrehead;2;;;;
@antonioguterres;2;;;;
@approject;2;;;;
@arcadiagt5;2;;;;
@awkward_1110;2;;;;
@axios;2;;;;
@azsunsetting;2;;;;
@biffmack;2;;;;
@billmaher;2;;;;
@billmckibben;2;;;;
@bittern36921585;2;;;;
@bmbrigham;2;;;;
@briantcairns;2;;;;
@carlquintanilla;2;;;;
@carlsmythe;2;;;;
@chan_leeze;2;;;;
@chaser;2;;;;
@chibikonatsu;2;;;;
@chrislhayes;2;;;;
@chrisluxonmp;2;;;;
@cl1ntonserver;2;;;;
@clairlemon;2;;;;
@clif_high;2;;;;
@clownworld_bobo;2;;;;
@cnnbrk;2;;;;
@colinbrunton;2;;;;
@crabb_vicki;2;;;;
@cspanwj;2;;;;
@cybrtrkguy;2;;;;
@cydney0071;2;;;;
@d1Vinman;2;;;;
@d_e_mol;2;;;;
@danjcyr;2;;;;
@davejackson1954;2;;;;
@davidbroadley;2;;;;
@dbirch214;2;;;;
@deNutrients;2;;;;
@devbrett_com;2;;;;
@dhlovelife;2;;;;
@dick_zinno;2;;;;
@diederikdk;2;;;;
@dirk_fasshauer;2;;;;
@docstardust;2;;;;
@dodi_rains;2;;;;
@douglasritz;2;;;;
@drdeblk;2;;;;
@drkerrynphelps;2;;;;
@drolkrad_ehT;2;;;;
@durandundee7105;2;;;;
@ecoB85;2;;;;
@eibenfluch;2;;;;
@engineers_feed;2;;;;
@erinotoole;2;;;;
@esa;2;;;;
@fab4screamie;2;;;;
@farosarg;2;;;;
@fema;2;;;;
@flySFO;2;;;;
@footofwrath;2;;;;
@freddie07068768;2;;;;
@garyblack00;2;;;;
@gaywonk;2;;;;
@geostylegeo;2;;;;
@ghoppe;2;;;;
@gobantwo2;2;;;;
@hang10wannabe;2;;;;
@hardtimehardta1;2;;;;
@i_am_joli_anne;2;;;;
@i_desi_surya;2;;;;
@ianbrow97534170;2;;;;
@indyymac;2;;;;
@ivyjofreeman;2;;;;
@jadengis;2;;;;
@jdcmedlock;2;;;;
@jdmnd4;2;;;;
@jeffcthomson;2;;;;
@jeffschlueter1;2;;;;
@jessesingal;2;;;;
@jonasgahrstore;2;;;;
@jpgcrowley;2;;;;
@jsomon;2;;;;
@justvoot;2;;;;
@kailaswild;2;;;;
@katieorourke78;2;;;;
@kenpaxtonAG;2;;;;
@kevpluck;2;;;;
@kimmyifuplease;2;;;;
@konrad_muzyka;2;;;;
@kpomerleau;2;;;;
@liam081963;2;;;;
@lufthansa;2;;;;
@lutton_tracey;2;;;;
@mama_hipster;2;;;;
@marcorubio;2;;;;
@margie_moo;2;;;;
@markp1950;2;;;;
@martinmbauer;2;;;;
@maryellenonetsy;2;;;;
@medwoman1;2;;;;
@melissa94307909;2;;;;
@michaelshure;2;;;;
@michellmybell1;2;;;;
@mike_maric;2;;;;
@mikeslastword;2;;;;
@mollytaft;2;;;;
@monemymitch;2;;;;
@moonrakin;2;;;;
@msabouri;2;;;;
@musktastic;2;;;;
@nancymhet;2;;;;
@nbc6;2;;;;
@neutrino78x;2;;;;
@nickhedley;2;;;;
@nik0720;2;;;;
@nika_britt;2;;;;
@nj1015;2;;;;
@nzherald;2;;;;
@originalnameM;2;;;;
@oxmartinschool;2;;;;
@ozzorro1;2;;;;
@palazzo214;2;;;;
@pete62jackson;2;;;;
@plindseyusa;2;;;;
@pokoza11;2;;;;
@polgara_toads;2;;;;
@policing_uk;2;;;;
@politico;2;;;;
@ponycar06;2;;;;
@priscian;2;;;;
@qualmsgans;2;;;;
@quigley_jesse;2;;;;
@realDailyWire;2;;;;
@regeneration_in;2;;;;
@ret_ward;2;;;;
@ringothebaptist;2;;;;
@riskparty63;2;;;;
@roelfjans;2;;;;
@ruthless5k;2;;;;
@savetheplaneto3;2;;;;
@sciam;2;;;;
@selltheworld;2;;;;
@shields_rex;2;;;;
@skmusyoka;2;;;;
@small1ldy1;2;;;;
@smh_lori;2;;;;
@smith_bahn;2;;;;
@snorman1776;2;;;;
@some_soaper;2;;;;
@spann;2;;;;
@spanna65;2;;;;
@spock627corfu;2;;;;
@stevenmosher;2;;;;
@sueytonius;2;;;;
@sundog723;2;;;;
@surreywillis;2;;;;
@swcrisis;2;;;;
@t_f_bow;2;;;;
@tan123;2;;;;
@tatyana_md_phd;2;;;;
@tchisonai;2;;;;
@telohno;2;;;;
@tenebra99;2;;;;
@tessakhan;2;;;;
@textranquilo;2;;;;
@theJeremyVine;2;;;;
@thecandaceshow;2;;;;
@themiwi;2;;;;
@thewibblemovem1;2;;;;
@tigerzntl;2;;;;
@timi_RM;2;;;;
@timmal510;2;;;;
@tropicalupdate;2;;;;
@tvvn3108;2;;;;
@utlaw92;2;;;;
@uzzell_cindy;2;;;;
@verbalese;2;;;;
@wanderer_jasnah;2;;;;
@weberj502;2;;;;
@wendobi;2;;;;
@wendy_Lynnette;2;;;;
@wilescape;2;;;;
@williamlegate;2;;;;
@xr_cambridge;2;;;;
@yammerapple;2;;;;
@WillyTheDegen;1;;;;
@elonmusk;1;;;;
@lucaberta;1;;;;
@0045James;1;;;;
@0x_Vinyl;1;;;;
@1066Tweets;1;;;;
@10DowningStreet;1;;;;
@12Tulip3;1;;;;
@13WHAM;1;;;;
@1689Jeffrey;1;;;;
@16po;1;;;;
@1971JimboJ1;1;;;;
@1BoysFan;1;;;;
@1Voice4now;1;;;;
@1WitchyChick;1;;;;
@1zzyzyx1;1;;;;
@2021JustJen;1;;;;
@2CynicAl65;1;;;;
@2still_learning;1;;;;
@303zTreez;1;;;;
@3HDMonsta;1;;;;
@3dogrunner;1;;;;
@3rdangelmessen1;1;;;;
@48hills;1;;;;
@4FP_ZephyrTiger;1;;;;
@4theFairest;1;;;;
@5XD__;1;;;;
@62WalterP;1;;;;
@6TK9Cn1RB4A49B1;1;;;;
@6footBarefoot;1;;;;
@7NewsPerth;1;;;;
@7Veritas4;1;;;;
@7Weather;1;;;;
@8UyYVb0ngErQ5Qh;1;;;;
@8_27J;1;;;;
@9NewsPerth;1;;;;
"@ABC11_WTVD?""";1;;;;
@ABC7NY;1;;;;
@ABlackTweeter;1;;;;
@ACE_Fitzgerald;1;;;;
@ADATS99;1;;;;
@AFTunion;1;;;;
@AGoedegebuur;1;;;;
@AKasingye;1;;;;
@AKindrat;1;;;;
@ALReproRightsAd;1;;;;
@APIenergy;1;;;;
@APompliano;1;;;;
@ARPITAARYA;1;;;;
@ARealJillPlush;1;;;;
@ASNKidney;1;;;;
@AUSOlympicTeam;1;;;;
@AUSOlympicTeam?;1;;;;
@AVoiceofReason;1;;;;
@A_Damned_smith;1;;;;
@AanelVictoria;1;;;;
@AaronHM;1;;;;
@AaronRodgers12;1;;;;
@AaronTa67472031;1;;;;
@AaronWherry;1;;;;
@Abaddon12346;1;;;;
@Abel__Balbo;1;;;;
@AbhishekGdhhgs;1;;;;
@AbortionChat;1;;;;
@AboveNun;1;;;;
@Ace_Archist;1;;;;
@Acedouglas1;1;;;;
@AcsAgainstCRT;1;;;;
@ActualAlexZ;1;;;;
@Acyn;1;;;;
@AdamSchefter;1;;;;
@AdamSchiff;1;;;;
@AddictCardboard;1;;;;
@Adelaide_FC;1;;;;
@AdityaRajKaul;1;;;;
@AdorableNstyWmn;1;;;;
@AdrianaCanoE;1;;;;
@AemielGotsMail;1;;;;
@AerosolSociety;1;;;;
@Aerospecial80;1;;;;
@AfinityT;1;;;;
@Agent1of3Chaos;1;;;;
@AggressiveDem;1;;;;
@AguUgbajah;1;;;;
@Ahsha_Safai;1;;;;
@AiNaTow;1;;;;
@Aimhighffw;1;;;;
@AirForceTrack;1;;;;
@AirTanker;1;;;;
@Airbus;1;;;;
@Akku__Don;1;;;;
@AlGore;1;;;;
@AlMayadeenNews;1;;;;
@AlabamaHoshea;1;;;;
@AlaskanCourtney;1;;;;
@AlastairMcA30;1;;;;
@AldiUK;1;;;;
@AldoSterone111;1;;;;
@AldousHuxley77;1;;;;
@AlecHopkins6;1;;;;
@AlexEpstein's;1;;;;
@AlexHalimbekov;1;;;;
@AlexWoodroe;1;;;;
@Alex_Beeby;1;;;;
@AlgoTbone;1;;;;
@Algo_bama;1;;;;
@Ali_Lev;1;;;;
@AliceUndrground;1;;;;
@Alicia_Smith19;1;;;;
@Alimasubway;1;;;;
@AlinaEacott;1;;;;
@AllanSeymour1;1;;;;
@Allegro_W_Brio;1;;;;
@AlonUshpiz;1;;;;
@AltUS_ARC;1;;;;
@AmandaFariasNYC;1;;;;
@AmandaHerSki;1;;;;
@AmazingNature00;1;;;;
@AmbassacatBXL;1;;;;
@American_Jeny20;1;;;;
@AmexCrypto;1;;;;
@AmiHorowitz;1;;;;
@AmodioMatt;1;;;;
@Amy0227;1;;;;
@Amy89002;1;;;;
@AnActualProtato;1;;;;
@AnLoaded;1;;;;
@AnafitAF;1;;;;
@Andrew86946662;1;;;;
@AndrewDessler;1;;;;
@AndrewE_Dunn;1;;;;
@AndrewKnight226;1;;;;
@AndrewWMBF;1;;;;
@AngryCardio;1;;;;
@AngryMedic89;1;;;;
@AngusTaylorMP;1;;;;
@AniST;1;;;;
@AnnMarieLA1;1;;;;
@AnnieBoHank;1;;;;
@Antisillypirate;1;;;;
@AntoineTrouche;1;;;;
@ApologizToUnvax;1;;;;
@AppezzatoPenny;1;;;;
@ArbiterofCool;1;;;;
@ArchimedesVain;1;;;;
@Architectprod;1;;;;
@AriBerman;1;;;;
@AriZonanHODL;1;;;;
@ArifCRafiq;1;;;;
@ArinSirohi_;1;;;;
@Arkjtodd73;1;;;;
@Arkypatriot;1;;;;
@Army_WO_Pilot;1;;;;
@ArnaudMafille;1;;;;
@Arnold94146897;1;;;;
@ArtsyAnglican;1;;;;
@AsFarce;1;;;;
@Ashaeii;1;;;;
@Asharzaidi78;1;;;;
@Asher_Wolf;1;;;;
@AshleyR49023657;1;;;;
@AshtonRFC;1;;;;
@AssalRad;1;;;;
@AstroYogi101;1;;;;
@AtTheMicShow;1;;;;
@AtlanticVoice;1;;;;
@AugustadSays;1;;;;
@AukeHoekstra;1;;;;
@AuntyVaccine;1;;;;
@AustralianLabor;1;;;;
@AustralianOpen;1;;;;
@AustralisPiper;1;;;;
@AvrahamAdler;1;;;;
@AwayBerk;1;;;;
@Ayachuco1;1;;;;
@Ayrshirelass13;1;;;;
@AzminAli;1;;;;
@BBCMoreOrLess;1;;;;
@BBCTwo;1;;;;
@BBCWorld;1;;;;
@BCNYA_L8R;1;;;;
@BOS25Weather;1;;;;
@BPSquid;1;;;;
@BR_Chamber;1;;;;
@BRazumem;1;;;;
@BRebellion777;1;;;;
@BRodermund;1;;;;
"@BTS_twt""";1;;;;
@BTU66;1;;;;
@Backpainandwine;1;;;;
@BadAstronomer;1;;;;
@Bad_Durandal;1;;;;
@BagOfPizzaRolls;1;;;;
@BakesPearl;1;;;;
@BallouxFrancois;1;;;;
@Bambikilla69420;1;;;;
@BandonDunesGolf;1;;;;
"@BankoftheWest""";1;;;;
@BarackObama;1;;;;
@BarbLarochelle;1;;;;
@BardLackey;1;;;;
@BarnabyCBW;1;;;;
@Barristerblog;1;;;;
@BarryBenjamin21;1;;;;
@BarstoolBigCat;1;;;;
@BatsForLife;1;;;;
@BeauTFC;1;;;;
@Begentle50;1;;;;
@BeingSalmanKhan;1;;;;
@BenBajarin;1;;;;
@BenDRubin;1;;;;
@Bencjacobs;1;;;;
@BenjaminBriceFR;1;;;;
@BernadetteNTF;1;;;;
@BernieSanders;1;;;;
@BertWierenga2;1;;;;
@BethBourgeois;1;;;;
@BethRigby;1;;;;
@BethWBZ;1;;;;
@BetoORourke;1;;;;
@BettyBorsalino;1;;;;
@BeverlyFolkers;1;;;;
@Beyond_Mystic;1;;;;
@Bfurlich;1;;;;
@BharatRamamurti;1;;;;
@Bianca09051997;1;;;;
@BidenTracking;1;;;;
@BigDaddySugar7;1;;;;
@BigJoeBastardi;1;;;;
@BigOptsLittleCa;1;;;;
@Bigdogdigs;1;;;;
@BilalCleland;1;;;;
@BillGates;1;;;;
@BillKarins;1;;;;
@BillKristol;1;;;;
@BillSpadea;1;;;;
@BillyPrempeh;1;;;;
@BirthGauge;1;;;;
@BishopWorcester;1;;;;
@BisonInterests;1;;;;
@BitcoinMagazine;1;;;;
@BjornIronsights;1;;;;
@BlackAngus_GotN;1;;;;
@BlackguyK;1;;;;
@BlairBraverman;1;;;;
@BlamZonro;1;;;;
@BlamesJinds;1;;;;
@BlocQuebecois;1;;;;
@BloombergNRG;1;;;;
@BluDogAnchorite;1;;;;
@BlueHouseRoad;1;;;;
@BlueSwede2000;1;;;;
@BlueWave_resist;1;;;;
@Blue_Texas2022;1;;;;
@Blueoceanarctic;1;;;;
@BoKnowsWeather;1;;;;
@BobRmhenry1;1;;;;
@Bob_ByTheBottle;1;;;;
@Bob_Wachter;1;;;;
@Bobs_burger1;1;;;;
@BonJS0370;1;;;;
@Boogaloo2022;1;;;;
@BostonRobb;1;;;;
@BotCapitalocene;1;;;;
@BoundingComics;1;;;;
@BourbonLefty;1;;;;
@Bowen_Thaylin;1;;;;
@Boydist;1;;;;
@Bozo52769589;1;;;;
@BradshawJack;1;;;;
@Brandon72433129;1;;;;
@BrandonF_902;1;;;;
@BrandonLewis;1;;;;
@BrandonOrrWPLG;1;;;;
@Brave_Stunning;1;;;;
@BreakfastNews;1;;;;
@Breaking911;1;;;;
@BreeNewsome;1;;;;
@BrentFleeton;1;;;;
@BretBaier;1;;;;
@BretWeinstein;1;;;;
@BrettPucino;1;;;;
@BrianGoodwin8;1;;;;
@BridgetPhetasy;1;;;;
@BrigitMahoneyTV;1;;;;
@BristleBerry;1;;;;
@BroersenKatinka;1;;;;
@BrokoliNetwork;1;;;;
@Brought_popcorn;1;;;;
@BrownianJohann;1;;;;
@BruceAHeyman;1;;;;
@BrunchEnjoyer;1;;;;
@BrunoPresents;1;;;;
@BrunoTheBridge;1;;;;
@Bryan12879262;1;;;;
@BstKidEva;1;;;;
@BubbasRanch;1;;;;
@Buck50RedHook;1;;;;
@Buildbackameri1;1;;;;
@BurenCaroline;1;;;;
@BusyDrT;1;;;;
@ByMHarrington;1;;;;
@C0r3y3ck3nr0th;1;;;;
@C8red8r;1;;;;
@CARICOMorg;1;;;;
@CAllderladd;1;;;;
@CBC;1;;;;
@CBCAlerts;1;;;;
@CBCIndigenous;1;;;;
@CBCNews;1;;;;
@CBSSunday;1;;;;
@CDRosa;1;;;;
@CDlmor;1;;;;
@CER_EU;1;;;;
@CE_TV_;1;;;;
@CIRESnews;1;;;;
@CNNPolitics;1;;;;
@CNYCentral;1;;;;
@COPIA_COPMA1;1;;;;
@CSIRO;1;;;;
@CTVBarrieNews;1;;;;
@CUBoulderENVS;1;;;;
@CUWisconsin;1;;;;
@C_PATEX;1;;;;
@Caelum43;1;;;;
@Caitlen2310;1;;;;
@CalOES_Dir;1;;;;
@CalVolunteers;1;;;;
@Cal_OES;1;;;;
@CaligulaComplex;1;;;;
@CallMeEOnly;1;;;;
@Callum_Macrae;1;;;;
@Calvinn_Hobbes;1;;;;
@Camburnclimate;1;;;;
@Canadian_logic_;1;;;;
@CanuckFromSK;1;;;;
@Capt_Scorch;1;;;;
@Captainswoop1;1;;;;
@CarbonBubble;1;;;;
@Cargill;1;;;;
@CarhartDafydd;1;;;;
@CaroDiRusso;1;;;;
@CarolDoherty13;1;;;;
@CarolHartcarol;1;;;;
@CarolinaGuyYall;1;;;;
@CarolineLucas;1;;;;
@CarolynHealy;1;;;;
@CarolynS4121420;1;;;;
@CarrudoDon;1;;;;
@CartistNy;1;;;;
@CaseyBriggs;1;;;;
@CatTsalagi;1;;;;
@CataGabi12;1;;;;
@CathieDWood;1;;;;
@Cathleen_OHare;1;;;;
@CathyYoung63;1;;;;
@CaustikFox;1;;;;
@CawthornforNC;1;;;;
@CdEntremontMP;1;;;;
@CelovskyDanny;1;;;;
@CentristMadness;1;;;;
@CentristSloth;1;;;;
@CenturyLink;1;;;;
@Cerulea78083156;1;;;;
@Cha51brolll19;1;;;;
@ChadNotChud;1;;;;
@CharleeDaCat;1;;;;
@ChelseaClinton;1;;;;
@ChelseeuhB;1;;;;
@CherZim7;1;;;;
@CherylMorrisW;1;;;;
@ChicadeeB;1;;;;
@ChickenQuantum;1;;;;
@Chiefs;1;;;;
@Chilis;1;;;;
@Chonkosaurus91;1;;;;
@ChoralsScholar;1;;;;
@ChrisBradley133;1;;;;
@ChrisJanesGreen;1;;;;
@ChrisMac1270;1;;;;
@ChrisSGilliam;1;;;;
@ChrisWondo;1;;;;
@Chrisbamidele;1;;;;
@Chrisgreymatter;1;;;;
@ChristiFriesen;1;;;;
@ChristinMP_TOI;1;;;;
@Christo44273217;1;;;;
@Chronotope;1;;;;
@ChuckBell4;1;;;;
@ChuckCjmmn;1;;;;
@ChunLiSimp;1;;;;
@CinnamonAuntie;1;;;;
@Citizen_Zed;1;;;;
@CityofSeattle;1;;;;
@CityofTampa;1;;;;
@Ckdonnadavidson;1;;;;
@Claesson_Kate;1;;;;
@ClaireNewton79;1;;;;
@ClearlyJane;1;;;;
@ClimateChangeG2;1;;;;
"@ClimateDepot""";1;;;;
@ClimateHuman;1;;;;
@ClintWarren6;1;;;;
@ClintonServer;1;;;;
@CliveScott18;1;;;;
@CodeineFridge;1;;;;
@CoinSharesCo;1;;;;
@ColombiaBF;1;;;;
@Colum_M;1;;;;
@ColumbiaBugle;1;;;;
@Complex;1;;;;
@ComptonMadeMe;1;;;;
@ConnieB68272677;1;;;;
@ConraddKonnrad;1;;;;
@ConservOmatic;1;;;;
@ConservVoice;1;;;;
@Conservatives;1;;;;
@Coogloyalist;1;;;;
@CooperQuinn_WY;1;;;;
@CopernicusEU;1;;;;
@CorkySwift2;1;;;;
@CornPaytch;1;;;;
@CorsIAQ;1;;;;
@CrTpromoter;1;;;;
@CrackerNum;1;;;;
@Crackmacs;1;;;;
@CraftedLa;1;;;;
@CreighDeeds;1;;;;
@CriticalStress_;1;;;;
@CrossConnection;1;;;;
@CrossonGail;1;;;;
@CryptHoeXOXO;1;;;;
@CrypticFelix;1;;;;
@CryptoDonAlt;1;;;;
@CryptoLawyerz;1;;;;
@CryptoNCoffeee;1;;;;
@CryptoSala;1;;;;
@CubeSteve;1;;;;
@Cuer7o;1;;;;
@CumRocketCrypto;1;;;;
@CunningSq16;1;;;;
@CuriousGuy__;1;;;;
@Cutiethebunny;1;;;;
@Cuw;1;;;;
@CvcAmbiental;1;;;;
@Cyclingnewsfeed;1;;;;
@CymaticWave;1;;;;
@Cyninbend;1;;;;
@DAvallone;1;;;;
@DBlockRobertso;1;;;;
@DEFUNDTHEBBC3;1;;;;
@DJSCHEME_;1;;;;
@DMKEnvironWing;1;;;;
@DMR2cor520;1;;;;
@DOMtheB0MB;1;;;;
@DOOMMatcha;1;;;;
@DPirate2020;1;;;;
@D_DeGea;1;;;;
@DailyLoud;1;;;;
@DailyMonitor;1;;;;
@DaleJust2;1;;;;
@DamoAldcroft;1;;;;
@DanLtcR;1;;;;
@DanPonceTV;1;;;;
@DanSeguin1;1;;;;
@DanTypo;1;;;;
@DanaBashCNN;1;;;;
@DanaEscalante4;1;;;;
@DaniPhillips2k;1;;;;
@DanielBleakley;1;;;;
@DanielJHannan;1;;;;
@DanielLilley18;1;;;;
@DanielMcDonald4;1;;;;
@Daniel_Tex18;1;;;;
@Daniell72391109;1;;;;
@DanielleFong;1;;;;
@DarStief;1;;;;
@Darkamedes;1;;;;
@DarylTractor;1;;;;
@DastardlyDucks;1;;;;
@DatGnarlyOldGuy;1;;;;
@DaveAtherton20;1;;;;
@DaveOFox13;1;;;;
@DaveVescio;1;;;;
@David19531501;1;;;;
@DavidBflower;1;;;;
@DavidChoiMusic;1;;;;
@DavidHarris707;1;;;;
@DavidMi35733797;1;;;;
@DavidReidVA;1;;;;
@DavidVeLar2;1;;;;
@Davidmetroland;1;;;;
@DavidwithV;1;;;;
@DeSmog;1;;;;
@DeborahLyonsUN;1;;;;
@DeepBlueCrypto;1;;;;
@Deevoee;1;;;;
@DefiantGammy;1;;;;
@DefiantLs;1;;;;
@DeficitDragons;1;;;;
@DeirdreTweets;1;;;;
@DeleMomodu;1;;;;
@DenisRBara;1;;;;
@DennisQ56029145;1;;;;
@Dennis_Porter_;1;;;;
@DeptofDefense;1;;;;
@Descarts11;1;;;;
@DesertRatJT;1;;;;
@DetTitanUp;1;;;;
@DeusBryant505;1;;;;
@DevinsOtherCow2;1;;;;
@DialecticDemon;1;;;;
@DianeMariePosts;1;;;;
@DidsburyRugby;1;;;;
@DiktoorV5;1;;;;
@DineshDSouza;1;;;;
@DirtyCiv;1;;;;
@Disorganised1;1;;;;
@DlalaChampion;1;;;;
@Doblerin;1;;;;
@DogHerny;1;;;;
@DonSimon1976;1;;;;
@DonaldJTrumpJr;1;;;;
@DontGhosts;1;;;;
@DooRon31;1;;;;
@DougE;1;;;;
@DouglasKMurray;1;;;;
@DowJonesAl;1;;;;
@DrDowder;1;;;;
@DrEliDavid;1;;;;
@DrHoenderkamp;1;;;;
@DrJ_Thompson;1;;;;
@DrJamesEHansen;1;;;;
@DrPeacelove;1;;;;
@DrRickKnabb;1;;;;
@DrRohani;1;;;;
@DrWaldo2;1;;;;
@DrewLawDesign;1;;;;
@DrifterShoots;1;;;;
@Dropppio;1;;;;
@DrzaRocknroll2;1;;;;
@Duccs_can_draw;1;;;;
@DuckDuckGames_;1;;;;
@DuncanHenry78;1;;;;
@Dusty186;1;;;;
@DylanDreyerNBC;1;;;;
@DynamoSuperX;1;;;;
@EC_Equality;1;;;;
@EJDionne;1;;;;
@EJhellokitty702;1;;;;
@ELuttwak;1;;;;
@EM_Weekly;1;;;;
@ENTERSHIKARI;1;;;;
@EPoe187;1;;;;
@ESA_EO;1;;;;
@ESOLallstars;1;;;;
@ESRIDublin;1;;;;
@ETH_ERDW;1;;;;
@EU_Commission;1;;;;
@EamonRyan;1;;;;
@EarlOfEnough;1;;;;
@EarthKeeper22;1;;;;
@Earth_is_FLAT_;1;;;;
@Earthfact;1;;;;
@Ease_Private;1;;;;
@EatLoud714;1;;;;
@EatsFood2;1;;;;
@EcoSenseNow;1;;;;
@EdItor87411083;1;;;;
@EdTheTruckerNJ;1;;;;
@EdWard40100035;1;;;;
@Ed_Miliband;1;;;;
@EffeF61;1;;;;
@Eileen7News;1;;;;
@ElbridgeColby;1;;;;
@EleanorTerrett;1;;;;
@ElectionWiz;1;;;;
@ElectionsCan_E;1;;;;
@ElectrifyAm;1;;;;
@Electroversenet;1;;;;
@Elenaforever13;1;;;;
@Elianesabia;1;;;;
@EliotJacobson;1;;;;
@ElizabethSolle2;1;;;;
@Ella__Dorsey;1;;;;
@ElonJet;1;;;;
@EmannueleDidnaw;1;;;;
@Emma34770971;1;;;;
@Emma_Marris;1;;;;
@EmpoweredPI;1;;;;
@EndPlasticWaste;1;;;;
@EndiesAlt;1;;;;
@EnergyCynic;1;;;;
@Enrique34549275;1;;;;
@EnvirForUPSC;1;;;;
@Eric541310653;1;;;;
@EricSpahn2;1;;;;
@ErikSolheim;1;;;;
@ErinHNN;1;;;;
@EssEff76;1;;;;
@EuOutta;1;;;;
@EvcoG;1;;;;
"@Eve6""";1;;;;
@Eve6;1;;;;
@EvilUnicornLord;1;;;;
@Evry1H8sGrtzLOL;1;;;;
@ExMuslimsMN;1;;;;
@ExiledDragoon;1;;;;
@ExistentialEnso;1;;;;
@Eyalo365;1;;;;
@Ezim79;1;;;;
@F250Roush;1;;;;
@F3Money;1;;;;
@FCDOHumanRights;1;;;;
@FCN2go;1;;;;
@FLfriedtatertot;1;;;;
@FOX13Tyler;1;;;;
@FOX59;1;;;;
@FOX8NOLA;1;;;;
@FRANA_OW;1;;;;
@Fact_Oracle;1;;;;
@FamCOSa;1;;;;
@FamilyJohanna;1;;;;
@Faulknerfredd;1;;;;
@FedGuy12;1;;;;
@FedSoc;1;;;;
@FelixHermansso5;1;;;;
@FerragamoWx;1;;;;
@FerrariCakes;1;;;;
@FierceDinosaur;1;;;;
@Fin24;1;;;;
@Fionaglenane;1;;;;
@FionnMacCool;1;;;;
@FireDrillFriday;1;;;;
@FireInnovation_;1;;;;
@FireyTopaz;1;;;;
@FlatEarthD;1;;;;
@Flipper628;1;;;;
@ForwomenScot;1;;;;
@FrankGillilan13;1;;;;
@FrankLuntz;1;;;;
"@FrankSharry""";1;;;;
@Frankisalegend1;1;;;;
@Franklin_Graham;1;;;;
@FrasierHarry;1;;;;
@FredEnanga1;1;;;;
@FreeBeacon;1;;;;
@FreedSongbird;1;;;;
@FreedomGirlPal;1;;;;
@FrenlyBAP;1;;;;
@Fritzcat2016;1;;;;
@Frogland_io;1;;;;
@FullContactMTWF;1;;;;
@FullyChargedDan;1;;;;
@FutureView;1;;;;
"@Futurecelebrit7""";1;;;;
@Fwd_Party;1;;;;
@Fzbearpizzaplex;1;;;;
@GB0790;1;;;;
@GDThor1;1;;;;
@GDToothbrush;1;;;;
@GGCanada;1;;;;
@GGI_Kenya;1;;;;
@GOHSEP;1;;;;
@GOPLeader;1;;;;
@G_Parker;1;;;;
@Gab_H_R;1;;;;
@GabsSydney26;1;;;;
@Gadis_bayinya;1;;;;
@GailGailtk;1;;;;
@GamecockFB;1;;;;
@GammaReigh;1;;;;
@GanniTonya;1;;;;
@GarofaloWX;1;;;;
@Garossino;1;;;;
@GarstangRUFC;1;;;;
@GaryBurrill;1;;;;
@GasparillaTampa;1;;;;
@GavinPaulCarte1;1;;;;
@Gazza41;1;;;;
@Geiokami;1;;;;
@GeogBristol;1;;;;
@Geopolitics_Emp;1;;;;
@GeorReader;1;;;;
@GeorgeG68260746;1;;;;
@GeorgePembroke;1;;;;
@GernotWagner;1;;;;
@GeromanAT;1;;;;
@GerryCallahan;1;;;;
@GetSpectrum.;1;;;;
@GhostieMingo;1;;;;
@GillesnFio;1;;;;
@GillianWithaG;1;;;;
@GinAndTonic1965;1;;;;
@GlobalCitizensU;1;;;;
@Gloriaoldsurfer;1;;;;
@GoVeganWorld;1;;;;
@Goatguyf;1;;;;
@GoldTelegraph_;1;;;;
@GoldbergNic;1;;;;
@Google;1;;;;
@GovInslee;1;;;;
@GovNuclear;1;;;;
"@GovStitt!""";1;;;;
@GovWhitmer;1;;;;
@GraemeFox_BESA;1;;;;
@GreatLakesPeck;1;;;;
@GreatTammie;1;;;;
@GreekReporter;1;;;;
@GreenAssam;1;;;;
@GreenB1968;1;;;;
@GreenEdToday;1;;;;
@GreenpeaceCA;1;;;;
@GregHanderson;1;;;;
@GregMilamSky;1;;;;
@Greg_Finney;1;;;;
@Gregory52594205;1;;;;
@GretchenInOK;1;;;;
@GrieveNSpin;1;;;;
@Grimfrost__;1;;;;
@GrimisS;1;;;;
@GroundwaterAct;1;;;;
@GrublesteiN64;1;;;;
@GuardianAus;1;;;;
@Guide_en_Israel;1;;;;
@GuiltyOfDUI;1;;;;
@GuntherEagleman;1;;;;
@GypsySpirit1946;1;;;;
@HC_Richardson;1;;;;
@HManHRadio;1;;;;
"@Hababhassan88""";1;;;;
@HackDotSlash;1;;;;
@HalleVerkehrt;1;;;;
@Hamish_Moir;1;;;;
@Hannah_Bananaz;1;;;;
@HanneyAngel;1;;;;
@HapHapner;1;;;;
@HarrisonKrank;1;;;;
@Harryslaststand;1;;;;
@HarvelaHarvey;1;;;;
@HealthyBoston;1;;;;
@HeartlandSignal;1;;;;
@HelaKarp;1;;;;
@Helen504;1;;;;
@HelenWooldrid14;1;;;;
@HeliaTropist;1;;;;
@HenshawKate;1;;;;
@Heritage;1;;;;
@HermelaTV;1;;;;
@HiWarangal;1;;;;
@HistoryNewbie;1;;;;
@Hobbjw;1;;;;
@Hodling_hodler;1;;;;
@Holbornlolz;1;;;;
@HolleyM20;1;;;;
@HollyHuntley3;1;;;;
@Home_Of_FSM;1;;;;
@HondoResists;1;;;;
@HooverInst;1;;;;
@HopeMercy10;1;;;;
@HossamRaghda;1;;;;
@HouseCommerce;1;;;;
@HouseDemocrats;1;;;;
@HughBladonABD;1;;;;
@Hugorelly;1;;;;
@HuizengaWest;1;;;;
@HumanityStrong;1;;;;
@HuntersArtWork;1;;;;
@IAVI;1;;;;
@IAmBillyDonIAm;1;;;;
@ICOffenderII;1;;;;
@IDJoe4Congress;1;;;;
@IEAffiliate;1;;;;
@IGN;1;;;;
@IOMEthiopia;1;;;;
@IainColledge;1;;;;
@IainTRankin;1;;;;
@IamforCS;1;;;;
@IanSams;1;;;;
@IansonKing;1;;;;
@Icecinder;1;;;;
@IddiShiJay;1;;;;
@IgorKrein;1;;;;
@Ike__McFadden;1;;;;
@IlhanMN;1;;;;
@ImKaitlynMeyers;1;;;;
@ImpeachTrump012;1;;;;
@ImranKhanPTI;1;;;;
@InQldMedia;1;;;;
@Independent;1;;;;
@Indian_Index;1;;;;
@IndrikaRatwatte;1;;;;
@InflatablePlant;1;;;;
@InfoHazard5;1;;;;
@Inforder;1;;;;
@IngrahamAngle;1;;;;
@Inkling61;1;;;;
@InsideEVs;1;;;;
@Involution88;1;;;;
"@Iromg""";1;;;;
@Iromg;1;;;;
@IsaacWxObserver;1;;;;
@IslandGirlPRV;1;;;;
@IsmailSabri60;1;;;;
@IsoTupe;1;;;;
@Israel;1;;;;
@IsraelMFA;1;;;;
"@Itamaraty_EN""";1;;;;
@Itamaraty_EN;1;;;;
@ItsBT50;1;;;;
@Its_Lucky_Phil;1;;;;
@Izze1122;1;;;;
@J0hnnyStar;1;;;;
@JBVBIN3T;1;;;;
@JCGlucks;1;;;;
@JCLMUSTANG1951;1;;;;
@JColeNC;1;;;;
@JHarden13;1;;;;
@JJohnsonlesss;1;;;;
@JMHardinBoston;1;;;;
@JMJ4USA;1;;;;
@JMichaelsonUT;1;;;;
@JNowicks;1;;;;
@J_Heffe;1;;;;
@JackBlaine3;1;;;;
@JackHammer_NFL;1;;;;
@Jack_Raines;1;;;;
@Jackalopes_Inc;1;;;;
@JaePea02;1;;;;
@JaggerMickOZ;1;;;;
@JaimyFord;1;;;;
@JambiedogTom;1;;;;
@JamesAbbott2013;1;;;;
@JamesBu52486046;1;;;;
@JamesCheef;1;;;;
@JamesClimateGuy;1;;;;
@JamesFHall;1;;;;
@JamesIntrocaso;1;;;;
@JamesMelville;1;;;;
@JamesMilber;1;;;;
@JamesNathan_333;1;;;;
@JamesRH71;1;;;;
@JamesTodaroMD;1;;;;
@James_BG;1;;;;
@JanaBarnello;1;;;;
@Jane73069899;1;;;;
@JaneKn0wsBest;1;;;;
@Jansant;1;;;;
@JaredNe88696927;1;;;;
@Jasiri_TEA;1;;;;
@JasmineForUS;1;;;;
@JasonFrazerTV;1;;;;
@JavierGoya7;1;;;;
@JayAshcroftMO;1;;;;
@JayExci;1;;;;
@Jazziest175;1;;;;
@Jc58942071;1;;;;
@Jdangelo4404;1;;;;
@JeannePitts;1;;;;
@JeffBerk3;1;;;;
@Jeffrey75327765;1;;;;
@JemmsCee2;1;;;;
@JenCarfagno;1;;;;
@JenDelgadoFOX;1;;;;
@JenHynesArctic;1;;;;
@Jencita22;1;;;;
@JeniT;1;;;;
@JennaEllisEsq;1;;;;
@Jennie_Agent99;1;;;;
@JenniferJJacobs;1;;;;
@JeremyNic666;1;;;;
@JeromeTaylor;1;;;;
@Jerrytaylr;1;;;;
@JerseyRizzo;1;;;;
@Jessbeesknees;1;;;;
"@JesseBWatters""";1;;;;
@JesseBWatters;1;;;;
@JesusTruth1;1;;;;
@Jetson77;1;;;;
@Jetsuwtf;1;;;;
@Jey_Fournier;1;;;;
@JimBlack48;1;;;;
@JimFish56837379;1;;;;
@JimWeberFOX;1;;;;
@JimmySean29;1;;;;
@Jlockport2;1;;;;
@JoBlakely42;1;;;;
@JoanMBrenner1;1;;;;
@JoeConchaTV;1;;;;
@JoeEason1;1;;;;
@JoePorterUK;1;;;;
@Joe_Gusty;1;;;;
@JoekerSpades;1;;;;
@JohnBerman;1;;;;
@JohnCarey17;1;;;;
@JohnDinnJr;1;;;;
@JohnEClark11;1;;;;
@JohnEDeaton1;1;;;;
@JohnJHarwood;1;;;;
@JohnKerry;1;;;;
@JohnPiper;1;;;;
@John_VanAmburg;1;;;;
@JohnnyD_cm;1;;;;
@JonBryant421;1;;;;
@JonD071219;1;;;;
@JonDeeOz;1;;;;
@JonDoh12345;1;;;;
@JonInTn1;1;;;;
@JonathanWeissb3;1;;;;
@JoseNotAJay;1;;;;
@JosephNollaSJ;1;;;;
@JosephS27131640;1;;;;
@JoshFrydenberg;1;;;;
@Judson4Congress;1;;;;
@JudyWhat34;1;;;;
@JukeJointJoe;1;;;;
@Jul101Vie;1;;;;
@JuliaHB1;1;;;;
@JulianLuttrell;1;;;;
@JulieLynC;1;;;;
@JumboTheJumb;1;;;;
@JustG62;1;;;;
@JustLixian;1;;;;
@JustTheObvious1;1;;;;
@Just_Momma_;1;;;;
@K4Climate;1;;;;
@KA0STHE0RY_;1;;;;
@KARTIK0911;1;;;;
@KBSpangler;1;;;;
@KEEMSTAR;1;;;;
@KHayhoe;1;;;;
@KIRIMlXER;1;;;;
@KMDgoBlue;1;;;;
@KOOBISPLUTO;1;;;;
@KREckertWrites;1;;;;
@KRZYCheech;1;;;;
@KStafford67;1;;;;
@KStarlight21;1;;;;
@KTVB;1;;;;
@KUcoolkid;1;;;;
@KaiaMindelen;1;;;;
@KaitlynMcGrath;1;;;;
@KakwenzaRukira;1;;;;
@Kalle3D;1;;;;
@Kalniete;1;;;;
@KaratGold17;1;;;;
@KarenDZachary;1;;;;
@KarenDi95261360;1;;;;
@KarlaMats;1;;;;
@KatTimpf;1;;;;
@KatheleenMitro;1;;;;
@KathleenCda;1;;;;
@KathyHochul;1;;;;
@KatieDaviscourt;1;;;;
@KatieMcGrawx;1;;;;
@KatieMouse71;1;;;;
@KatiePavlich;1;;;;
@KatieRockIA;1;;;;
@KatyMontgomerie;1;;;;
@KatzOnEarth;1;;;;
@KayeTatton;1;;;;
@Kayodeoshinubi;1;;;;
@KeechA13;1;;;;
@Keeper_86;1;;;;
@KeepsAtIt;1;;;;
@Keith369me;1;;;;
@Keith93557644;1;;;;
@KeithCarson;1;;;;
@KelseyTuoc;1;;;;
@KemonomichiNL;1;;;;
@KenAcree;1;;;;
@KendallSmithWX;1;;;;
@KennyMacAskill;1;;;;
@KensingtonRoyal;1;;;;
@KenyaSafi;1;;;;
@Kev_in_Canada;1;;;;
@KevinAn06912126;1;;;;
@KevinMKruse;1;;;;
@Kevin_Watkins_;1;;;;
@KhanhPhamForOR;1;;;;
@KieranPender;1;;;;
@Kimberl47031679;1;;;;
@KingKong9888;1;;;;
@KingMetal7;1;;;;
@KinglakeForest;1;;;;
@Kirk_Westphal;1;;;;
@KirstyWark;1;;;;
@KitBowie;1;;;;
@KizzityKaito;1;;;;
@Kodungolan737;1;;;;
@KonstantinKisin;1;;;;
@KoparaFallsKid;1;;;;
@Kotaku;1;;;;
@KremlinRussia_E;1;;;;
@KrisNoel65;1;;;;
@Krispi_Largo;1;;;;
@KristiNoem;1;;;;
@KrytenKoro;1;;;;
@Kustomers1st;1;;;;
@KwasiKwarteng;1;;;;
@KyleMyers95;1;;;;
@LBC;1;;;;
@LCTaylor54;1;;;;
@LCain64103138;1;;;;
@LLeaningL;1;;;;
@LMegaw;1;;;;
@LOTRonPrime;1;;;;
@LSH_Rugby;1;;;;
@LUVW0RTH;1;;;;
"@LV_Denmark""";1;;;;
@LWSmith15;1;;;;
@LabLostHeHe;1;;;;
@Laboy_COR3;1;;;;
@LadyD420Empath;1;;;;
@LadyOfTheOcean1;1;;;;
@LaikaAndYuri;1;;;;
@LanceForman;1;;;;
@LanceStorm;1;;;;
@Lancegooden;1;;;;
@LancsRULeagues;1;;;;
@LanyJennifer;1;;;;
@Laramie_Slims;1;;;;
@LaroccoJoseph;1;;;;
@Last_Individual;1;;;;
@Lauratobin1;1;;;;
@Lauren01434817;1;;;;
@LaurenMRosen;1;;;;
@LawAndOrder_EE;1;;;;
@Ldogls;1;;;;
@LeeLafferty4;1;;;;
@LeftBehindPoet;1;;;;
@LeftistSuck;1;;;;
@Lendlease;1;;;;
"@LeoDiCaprio""";1;;;;
@LeonHWagner;1;;;;
@LesterHoltNBC;1;;;;
@LesterSquareTMS;1;;;;
@LetsGoDarwinFTW;1;;;;
@LiLadyMagic;1;;;;
@LiamPayne;1;;;;
@LibbyTard5;1;;;;
@LiberalLies7;1;;;;
@LibertyLynx;1;;;;
@LibertyParkNJ;1;;;;
@Lin11W;1;;;;
@LincolnRestler;1;;;;
@LindaHurtadoFOX;1;;;;
@LindsayyuleS;1;;;;
@LiorHaiat;1;;;;
@LiquidLight89;1;;;;
@LisaVisentin;1;;;;
@ListosCA;1;;;;
@LittleTurnipCat;1;;;;
@LittleboroughRU;1;;;;
@LivingPixelated;1;;;;
@LoaderNancy;1;;;;
@LollllllaJR;1;;;;
@LordChitechi;1;;;;
@LordOfFreedom2;1;;;;
@LoreAsbury;1;;;;
@LorentzTovatt;1;;;;
@Lorenzo23462;1;;;;
@LossMalloy;1;;;;
@LouiseB_NY;1;;;;
@LovejoyEnjoyer;1;;;;
@Luarien;1;;;;
@LucasOfSunshine;1;;;;
@Lucifer74239213;1;;;;
@LudicrousHilar1;1;;;;
@LuisArr82600010;1;;;;
@LuisaSantos2020;1;;;;
@Lulzmouse;1;;;;
@LundThf;1;;;;
@Lupus_Loricatus;1;;;;
@Luuxu_;1;;;;
@Lykten_no;1;;;;
@Lynette71189156;1;;;;
@LynnKni98231932;1;;;;
@LynnWilson111;1;;;;
@MAGA__Patriot;1;;;;
@MATt__0o;1;;;;
@MFrance923;1;;;;
@MPSmithnyc;1;;;;
@MUFCRevival;1;;;;
@M_B_Petersen;1;;;;
@M_DEJAEGHERE;1;;;;
@MadelineTraino1;1;;;;
@Madisox43;1;;;;
@MadnessVs;1;;;;
@Magirly9;1;;;;
@MagnetThatcher;1;;;;
@Magpie1954nBird;1;;;;
@MaidelK;1;;;;
@MainelyMandy;1;;;;
@MakichyanA;1;;;;
"@MalavikaM_""";1;;;;
@MamaMac_;1;;;;
@MansplainingAb1;1;;;;
@MarcJX8P;1;;;;
@Marcel4Congress;1;;;;
@MarciaBunney;1;;;;
@MarciaMoony;1;;;;
@MariaBartiromo;1;;;;
@MarioPe58698669;1;;;;
@MarkJohnsonTw;1;;;;
@MarkRPellegrino;1;;;;
@MarkerKey;1;;;;
@MarketsMickle;1;;;;
@MarlaUcelli;1;;;;
@MarroniDean;1;;;;
@Marshender;1;;;;
@MartaPerezMiami;1;;;;
@MartialMind1;1;;;;
@MartinDn1001;1;;;;
@MartinMulvay;1;;;;
@MartinWesson3;1;;;;
@MartyBrink;1;;;;
@MartyMacn;1;;;;
@MaryHeglar;1;;;;
@MassCOSH;1;;;;
@MassEEA;1;;;;
@MassGovernor;1;;;;
@Mass_CPS;1;;;;
@Mathenaut;1;;;;
@MathewMoisture;1;;;;
@MattH_4America;1;;;;
@Matt_KeanMP;1;;;;
@MatthewMatson5;1;;;;
@MatthwDayton;1;;;;
@MatticusFinch10;1;;;;
@MaxFallisXXX;1;;;;
@MaximeBernier;1;;;;
@Maxpowerott;1;;;;
@MayaMurful;1;;;;
@MayorLeggett;1;;;;
@MayorofSeattle;1;;;;
@McBrideWriter;1;;;;
@McGeezer70;1;;;;
@McKinsey;1;;;;
@Mecha_Penguins;1;;;;
@MeganKristinRo3;1;;;;
@MeidasTouch;1;;;;
@MelissaLMRogers;1;;;;
@MemoGomezFoto;1;;;;
@MercedesAMGF1;1;;;;
@MercurialMiss;1;;;;
@Merry_Hippie;1;;;;
@Met_CindyFitz;1;;;;
@Meteor_Mike;1;;;;
@MhehedZherting;1;;;;
@Michael98410246;1;;;;
@MichaelPSenger;1;;;;
@MichaelSteidel;1;;;;
@MichelePowersWx;1;;;;
@MichiganFront;1;;;;
@MickCosteline;1;;;;
@MikeBoninLA;1;;;;
@MikeForshee;1;;;;
@MikeMasco;1;;;;
@MikeTFox5;1;;;;
@MikeTrout;1;;;;
@MikmaqRights;1;;;;
@MildlyJoel;1;;;;
@Mimi__5__;1;;;;
@Mindedmusically;1;;;;
@MingGao26;1;;;;
@MinhazMerchant;1;;;;
@MinnieMouseSuit;1;;;;
@Mister__Gary;1;;;;
@MistressRedWasp;1;;;;
@MitchelleLinde1;1;;;;
@MitziPyle;1;;;;
@Mkelly24Mary;1;;;;
@MollyJongFast;1;;;;
@MonkeyMyBack;1;;;;
@MoonLuminary;1;;;;
@MoonOverlord;1;;;;
@MoralityToday;1;;;;
@More_cheap_oil;1;;;;
@MorganWant;1;;;;
@MorigeauJanine;1;;;;
"@MorningBrew.""";1;;;;
@MorningConsult;1;;;;
@MotherJones;1;;;;
@Motodude;1;;;;
@MountainDew;1;;;;
@MountainLiberal;1;;;;
@MrChingonE;1;;;;
@MrCogburn;1;;;;
@MrJDonnell;1;;;;
@MrManly12;1;;;;
@MrRCain2;1;;;;
@MrTonitas_II;1;;;;
@Mr_FYI10;1;;;;
@MrsKHuie;1;;;;
@MrsT106;1;;;;
@Mrwhosetheboss;1;;;;
@MsMilliken425;1;;;;
@Mtapeli_msapere;1;;;;
@Muradian4Rep;1;;;;
@MusicIsTheory;1;;;;
@MuslimAnon1;1;;;;
@Mustard35389585;1;;;;
@MutchJessica;1;;;;
@MyChinaTrip;1;;;;
@NASAEarth;1;;;;
@NASAGISS;1;;;;
@NASAJPL;1;;;;
@NBCNews;1;;;;
@NBCNightlyNews;1;;;;
@NDPMikeC;1;;;;
@NFAUG;1;;;;
@NFTMTG;1;;;;
@NFTsHaterOTD;1;;;;
@NHS16bitrevolt;1;;;;
@NKippur;1;;;;
@NOAA;1;;;;
@NOAASatellites;1;;;;
@NPWDBACKUP1;1;;;;
@NRDC;1;;;;
@NUMBCat9;1;;;;
@NVolenec;1;;;;
@NWARoseAnnP;1;;;;
@NWSAberdeen;1;;;;
@NWSChicago;1;;;;
@NWSDesMoines;1;;;;
@NWSGrandForks;1;;;;
@NWSGreenBay;1;;;;
@NWSMilwaukee;1;;;;
@NWSPortland;1;;;;
@NWSQuadCities;1;;;;
@NWSSiouxFalls;1;;;;
@NWSTwinCities;1;;;;
@NWSWilmingtonNC;1;;;;
@NWS_BaltWash;1;;;;
@NWSduluth;1;;;;
@NYCCouncil;1;;;;
@NYCMayor;1;;;;
@NYCOER;1;;;;
@NYPD71Pct;1;;;;
@NYPDBklynSouth;1;;;;
@NYPDDetectives;1;;;;
@NYPDSHOMRIMSOCI;1;;;;
@NZGreens;1;;;;
@NZHCanvas;1;;;;
@N_Schmid;1;;;;
@NadiaWhittomeMP;1;;;;
@NakedRei;1;;;;
@NanetteDonnelly;1;;;;
@NaoChoccy;1;;;;
@NaomiOreskes;1;;;;
@NaplesQueen;1;;;;
@NatForTrump2024;1;;;;
@NatGeo;1;;;;
@NatashaBertrand;1;;;;
@NatashaCL7;1;;;;
@Natesfault;1;;;;
@Neoavatara;1;;;;
@Nerditupnation;1;;;;
@NetAesthetic;1;;;;
@NetflixUK;1;;;;
@NewDay;1;;;;
@NewVegasAddict;1;;;;
@NewYorker;1;;;;
@NewforestStock;1;;;;
@Newsday;1;;;;
@NewshubPolitics;1;;;;
@Ngendo87;1;;;;
"@NicholasDCarter""";1;;;;
@NickAdamsinUSA;1;;;;
@Nicoledso;1;;;;
@NightMuzak2017;1;;;;
@NikkiFried;1;;;;
@NikolovScience;1;;;;
@NintendoAmerica;1;;;;
@NixJPayne;1;;;;
@NoLieWithBTC;1;;;;
@NoMisinfoToday;1;;;;
@No_braincellss;1;;;;
@NobbsPaddy;1;;;;
@NolteNC;1;;;;
@NoobamaC;1;;;;
@NopeNeinNyetNo;1;;;;
@Norpchen;1;;;;
@NorthernHeathe1;1;;;;
@NotAgain13_;1;;;;
@NotBroder;1;;;;
@NotEnoughTECH;1;;;;
@NotTheNYTMoron;1;;;;
@NothingLessAll;1;;;;
@NowtThe;1;;;;
@NukeForClimate;1;;;;
@NukemRaoul;1;;;;
@OCHAAfg;1;;;;
@ODSmoke;1;;;;
@OGRolandRat;1;;;;
@OMichael_eh;1;;;;
@OUARRC;1;;;;
@OceansClimateCU;1;;;;
@OfficialAnyor;1;;;;
@OfficialSPGB;1;;;;
@Oga_Azi;1;;;;
@OgbajiIfeanyi;1;;;;
@OklahomaPatrio1;1;;;;
@OlMumsyJess;1;;;;
@OldBedians;1;;;;
@OldTakesExposed;1;;;;
@OlegNikolenko_;1;;;;
@OliverKamm;1;;;;
@Omarpriv_;1;;;;
@Omini_Smoochey;1;;;;
"@OperadorNuclear""";1;;;;
@OrchestraSoda;1;;;;
@OregonTreasury;1;;;;
@Ormsbotly;1;;;;
@OrnitologiaCol;1;;;;
@OrwellNGoode;1;;;;
@Osama_otero;1;;;;
@OsitaNwanevu;1;;;;
@Osprey0;1;;;;
@OsseChi;1;;;;
@OttawaHealth;1;;;;
@OttawaPolice;1;;;;
@Outafter_dark;1;;;;
@OzraeliAvi;1;;;;
@P3ng1z;1;;;;
@P4trick85754082;1;;;;
@PALucier;1;;;;
@PAYthe_PIPER;1;;;;
@PETCO_SA;1;;;;
@PFR_Strength;1;;;;
@PGRatedReese:;1;;;;
@PMC713;1;;;;
@PMO;1;;;;
@PMORELASTHOPE;1;;;;
@PMaduta;1;;;;
@PPathole;1;;;;
@PRM13001813;1;;;;
@PTroubleshooter;1;;;;
@PTruthspeaker;1;;;;
@Padierfind;1;;;;
"@PakPMO""";1;;;;
@Pakeha56;1;;;;
@PalantirPrivacy;1;;;;
@PalantirTech;1;;;;
@PalestinianMan9;1;;;;
@PalusoSonny;1;;;;
@PandaSurgee;1;;;;
@Panosfrmgoranos;1;;;;
@ParissAthena;1;;;;
@Particle96;1;;;;
@PatUnleashed;1;;;;
@Patrick_Reusse;1;;;;
@Patriot13777123;1;;;;
@PatriotKind;1;;;;
@PatriotNews;1;;;;
@PaulBea66931188;1;;;;
@PaulDragonwolf1;1;;;;
@PaulKonrad;1;;;;
@PaulRieckhoff;1;;;;
@PaulZeise;1;;;;
"@PaulieRossi""";1;;;;
@PaynoEth;1;;;;
@PedrosPodium;1;;;;
@PeelPolice;1;;;;
@PeoplesParty_US;1;;;;
@Permaculture_uk;1;;;;
@Persian70509610;1;;;;
@Pertinacious101;1;;;;
@PeteButtigieg;1;;;;
@PeteNBCBoston;1;;;;
@PeteWestPark;1;;;;
@Peter14306722;1;;;;
@PeterHotez;1;;;;
@PeterWSinclair;1;;;;
@PhilHay_;1;;;;
@PhilJenkins_;1;;;;
@PhilMurphyNJ;1;;;;
@Philly_Hoosier;1;;;;
@PhilosophersCab;1;;;;
@Phoenix_Timber;1;;;;
@PippaCrerar;1;;;;
@PittsburghPG;1;;;;
@Piyush7teen;1;;;;
@PlanetTyrus;1;;;;
@PlantWisdom;1;;;;
@Playinstreet;1;;;;
@PoliceUg;1;;;;
@PoliticsPot;1;;;;
@Polyd_;1;;;;
@Ponziopilato59;1;;;;
@Pooyamax;1;;;;
@Popehat;1;;;;
@PotatoFarmUSA;1;;;;
@Preci0us_Virtue;1;;;;
@PrisGalstaun;1;;;;
@PrismPrime;1;;;;
@ProfDrAMarty;1;;;;
@ProfKlausSchwab;1;;;;
@ProfKori;1;;;;
@ProfPCDoherty;1;;;;
@ProfTimNoakes;1;;;;
@ProfTimStephens;1;;;;
@ProjectLincoln;1;;;;
@ProjectSarllo;1;;;;
@Prometh95965228;1;;;;
@Property_Mimi;1;;;;
@Pticica726;1;;;;
@Pudgy_Penguins;1;;;;
@Pufferfish420;1;;;;
@Punk00s;1;;;;
@PurolatorInc?;1;;;;
@QT4USATRUMP;1;;;;
@QTWIQ1;1;;;;
@QTweather;1;;;;
@QuackingT800;1;;;;
@QuantumHawk666;1;;;;
@QuarantinedCoof;1;;;;
@QueenOfHeartsSF;1;;;;
@QuentinWillson;1;;;;
@Quicktake;1;;;;
@Quillette;1;;;;
@QuinnsHere;1;;;;
@QuislingT;1;;;;
@RADYMOM;1;;;;
@RAFBrizeNorton;1;;;;
@RAGINxCAJUN;1;;;;
@RBLXJohnWB;1;;;;
@RCMPAlberta;1;;;;
@RD2nd2;1;;;;
@REGISMOREAU;1;;;;
@RFWhittaker;1;;;;
@RHarrabin;1;;;;
@RMConservative;1;;;;
"@RNBreakfast""";1;;;;
@RNBreakfast;1;;;;
@RRobDunn;1;;;;
@RTHindle;1;;;;
@R_i_p_S_a_w;1;;;;
@RabbiRealz;1;;;;
@RabidLlamas;1;;;;
@RacingPuma;1;;;;
@Racoonblackflag;1;;;;
@RadCentrism;1;;;;
@RadReax;1;;;;
@RafaelNadal;1;;;;
@RaheemKassam;1;;;;
@RahulGandhi;1;;;;
@Raimodns;1;;;;
@RajanJSaw;1;;;;
@RakgadiKoolKat;1;;;;
@RandyKite;1;;;;
@RapSheet;1;;;;
@Raven_krishna;1;;;;
@ReSisterChic;1;;;;
@ReadyNCI;1;;;;
@RealGeoEngWatch;1;;;;
@RealMattLucas;1;;;;
@RealOlaudah;1;;;;
@RealSkipBayless;1;;;;
@RealTonyEdwards;1;;;;
@RebeccaH2030;1;;;;
@RebeccaJones_03;1;;;;
@RebeccaforWA;1;;;;
@RebelNews_AU;1;;;;
@RefugeesMedia;1;;;;
@Refugees_EU;1;;;;
@RegVickers;1;;;;
@RegimeChangeBC;1;;;;
@ReillyOToole1;1;;;;
@RejectTheReset;1;;;;
@ReneDercksen;1;;;;
@RepAOC;1;;;;
@RepAndyLevin;1;;;;
@RepBowman;1;;;;
@RepDylan;1;;;;
@RepGregSteube;1;;;;
@RepMTG;1;;;;
@RepSoter;1;;;;
@ResidentSponge;1;;;;
@RetardResister;1;;;;
@RetiredNYCPD;1;;;;
@RetiredUSNChief;1;;;;
@RetroTechNoir;1;;;;
@ReutersWitness;1;;;;
@ReutersWorld;1;;;;
@RhoneWineTours;1;;;;
@Rhyme__Royal;1;;;;
@RichVonOhlen12;1;;;;
@RichardHanania;1;;;;
@RichardJBono1;1;;;;
@RichardWclimate;1;;;;
@RicksterTheJack;1;;;;
@RickySi16087724;1;;;;
@RieMcAz;1;;;;
@Rifleman4WVU;1;;;;
@Riflemanscreed2;1;;;;
@RightLeftovers;1;;;;
@RikaSecrets;1;;;;
@RikeFranke;1;;;;
@RileyBBNY;1;;;;
@Ripple;1;;;;
@RishiSunak;1;;;;
@RjeanGirard1;1;;;;
@Rl1AeGUik7FwCyn;1;;;;
@RobBarci;1;;;;
@Rob_More;1;;;;
@RobertJudd4;1;;;;
@RobertS43498353;1;;;;
@Robertamnesia;1;;;;
@RobinahNabbanja;1;;;;
@Roblev0;1;;;;
@Roblox;1;;;;
@Robot1983;1;;;;
@RockyMtnView;1;;;;
@RodgerTim;1;;;;
@RoelofBoer;1;;;;
@RogerPielkeJr;1;;;;
@RollTideRichard;1;;;;
@RollsRoyce;1;;;;
@RomainSandro;1;;;;
@RomeoAlpha68;1;;;;
@RonDeSantisFL;1;;;;
@Ronen_Shraga;1;;;;
@RookieGL;1;;;;
@RosilynJean;1;;;;
@Rossmac212;1;;;;
@Rothmus;1;;;;
@RoyalAirForce;1;;;;
@RudyGiuliani;1;;;;
@RushDOIM;1;;;;
@Rush_Nephrology;1;;;;
@RushvilleRockit;1;;;;
@RussianEmbassy;1;;;;
@Rxpiper_;1;;;;
"@RyanAFournier""";1;;;;
"@RyanMiller_WX""";1;;;;
@RyanSarai1;1;;;;
@S3rvant4Christ;1;;;;
@SAVEBrit;1;;;;
@SBAgov;1;;;;
@SBSNews;1;;;;
@SBakerMD;1;;;;
@SGD2006;1;;;;
@SGSAMARAS;1;;;;
@SInow;1;;;;
@SJulieFisher;1;;;;
@SMM_lumani;1;;;;
@SNR4Life23;1;;;;
@SUBLIMEBEAUTY99;1;;;;
@SadiqKhan;1;;;;
@SailAwayOnBlue;1;;;;
@Saline_tRick;1;;;;
@SaltyLikeSaline;1;;;;
@SamBardo1;1;;;;
@SamCoatesSky;1;;;;
@SamGammaCrow;1;;;;
@SamLMontano;1;;;;
@SamRoseAuthor;1;;;;
@SamTwits;1;;;;
@SamanthaAugeri;1;;;;
@SammaLlamas;1;;;;
@SamoBurja;1;;;;
@SandraGray9;1;;;;
@Sandra_Cole44;1;;;;
@SandybSassy;1;;;;
@SandyforCouncil;1;;;;
@SantaSoaked;1;;;;
@SantiagoAuFund;1;;;;
@SapienWoman;1;;;;
@SarahABurgess;1;;;;
@SarahBDay;1;;;;
@SarahJ_Berry;1;;;;
@Satoshi2k21;1;;;;
@SavathunsSimp_;1;;;;
@SavetheChildren;1;;;;
@SawyerMerritt;1;;;;
@SaysMrSmith;1;;;;
@Sci_Resistance;1;;;;
@ScienceReligio1;1;;;;
@ScottDuncanWX;1;;;;
@ScottHansen1300;1;;;;
@Scott_Grant24;1;;;;
@Scott_eb;1;;;;
@SeaOfThieves;1;;;;
@Seamus01952928;1;;;;
@SeanCarrollNews;1;;;;
@SeattleCouncil;1;;;;
@SebaSinDormir;1;;;;
@SecCardona;1;;;;
@SecDef;1;;;;
@SecretaryPete;1;;;;
@SenPresScutari;1;;;;
@SenSchumer;1;;;;
@SenWarren;1;;;;
@SenWhitehouse;1;;;;
@Sen_JoeManchin;1;;;;
@SenateGOP;1;;;;
@SenatorBennet;1;;;;
@SenatorSinema;1;;;;
@SerebiiNet;1;;;;
@SethMacFarlane;1;;;;
@SeweS_;1;;;;
@ShadowluzHPS;1;;;;
@ShahanaFromBK;1;;;;
@Shakeyacres;1;;;;
@ShaneHelmsCom;1;;;;
@SharkBloxYT;1;;;;
"@SharonHoole""";1;;;;
@Shatter242;1;;;;
@SheRa_Persists;1;;;;
@ShegorReador;1;;;;
@ShellenbergerMD;1;;;;
@ShellsLionDen;1;;;;
@Sherdanack;1;;;;
@SheriffTNehls;1;;;;
@SherriNazarian;1;;;;
@ShinyCramorant;1;;;;
@Shirley56733062;1;;;;
@Shiv3r5;1;;;;
@ShobhaMookerje1;1;;;;
@ShowersKathy;1;;;;
@ShroedingerBird;1;;;;
@SibhHean;1;;;;
@SimonSheikh;1;;;;
@SkyECHO_Yann;1;;;;
@SkyMilitia307;1;;;;
@SkySportsNews;1;;;;
@SlickJonny1;1;;;;
@Smartassicus;1;;;;
@SmearAnti;1;;;;
@Smokey_D17;1;;;;
@Sneekyhen2;1;;;;
@SnoJustis;1;;;;
@SnowIMPACTS;1;;;;
@SnymanBelinda;1;;;;
@SockJustSock;1;;;;
@SofaMuncher1;1;;;;
@SohanDesai23;1;;;;
@SohrabAhmari;1;;;;
@SomeRandomLadyy;1;;;;
@SonyAlpha;1;;;;
@SouthTownKing;1;;;;
@SouthernKeeks;1;;;;
@SouthernRailUK;1;;;;
@SparkyPatriot;1;;;;
@SparkyRobot;1;;;;
@Spawn_03;1;;;;
@SpeakerCoughlin;1;;;;
@Speaking4m;1;;;;
@SpectrumNews1KY;1;;;;
@SpeedyMuffin;1;;;;
@SpenceEarth;1;;;;
@SpencerJCox;1;;;;
@Spiceman_1;1;;;;
@Spike19621;1;;;;
@SpinSpinSugar_;1;;;;
@SportEcoGroup;1;;;;
@SprawlAmerican;1;;;;
@Stainfool;1;;;;
@Stanford;1;;;;
@StannisTheGod;1;;;;
@StarTalkRadio;1;;;;
@StarTribune;1;;;;
@StaroftheSea52;1;;;;
@Staroxvia;1;;;;
@StaryStaryNlght;1;;;;
@StealthFlyBy;1;;;;
@StephFeminist;1;;;;
@StephanieAbrams;1;;;;
@SteveBenderWx;1;;;;
@SteveKingIA;1;;;;
@SteveRo09236504;1;;;;
@SteveRudin7News;1;;;;
@SteveStaeger;1;;;;
@Steve_Sailer;1;;;;
@StevijoPayne;1;;;;
@Stewartmoore;1;;;;
@Stilllearning90;1;;;;
@StopNJoverreach;1;;;;
@Storey2Bob;1;;;;
@Stormblessed545;1;;;;
@StrikeDebt;1;;;;
@StuartBCapstick;1;;;;
@SueJ1973;1;;;;
@Sugarface10;1;;;;
@SultanYavar;1;;;;
@SunSentinel;1;;;;
@SundollarM;1;;;;
@SurfSkiWeather;1;;;;
@SurferCosmic;1;;;;
@SurvivingMyWay;1;;;;
@Survivor_Reddit;1;;;;
@SusanDan20;1;;;;
@SusanDelacourt;1;;;;
@SusanLordBiz;1;;;;
@SuzanneTitkeme2;1;;;;
@SuzeSoFlo;1;;;;
@SwaledaleMutton;1;;;;
@Swampyankee1791;1;;;;
@SwarovskiOptik;1;;;;
@Swen_2017;1;;;;
@SylviaD32911201;1;;;;
@Synyster63;1;;;;
@SyracuseAirport;1;;;;
@System_is_broke;1;;;;
@THEICETRADES;1;;;;
@THR;1;;;;
@TILIKI_OS;1;;;;
@TJNugent520;1;;;;
@TJSnodgrassier;1;;;;
@TK_HelpDesk;1;;;;
@TLMDNewsPR;1;;;;
@TMIWITW;1;;;;
@TSLAFanMtl;1;;;;
@TWCAlexWallace;1;;;;
@TWOweather;1;;;;
@TWatts1717;1;;;;
@TXWomenRESIST;1;;;;
@TakashiMichaels;1;;;;
@TakeThatCycIist;1;;;;
@TakeThatDarwin;1;;;;
@Talechka;1;;;;
@TamaraUgo;1;;;;
@Tamzilla_52;1;;;;
@Tanfox13;1;;;;
@Taniel;1;;;;
@Tark4Real;1;;;;
@TashaMahal;1;;;;
@TeaPainUSA;1;;;;
@TeamHeadstart;1;;;;
@Teenage_Gregory;1;;;;
@TeeterA5;1;;;;
@TeleMusicNews;1;;;;
@TepiZep;1;;;;
@TerraOrBust;1;;;;
@Tesla.;1;;;;
@TeslaAndDoge;1;;;;
@TfL;1;;;;
"@ThankYouBert""";1;;;;
@ThatEricAlper;1;;;;
@ThatOneMichaelJ;1;;;;
@TheBMA;1;;;;
@TheBlueGem3;1;;;;
@TheBoon777;1;;;;
@TheDA_UK;1;;;;
@TheDemocrats;1;;;;
@TheEarthIsFlat2;1;;;;
@TheEconomist;1;;;;
@TheElders;1;;;;
@TheGhos72578902;1;;;;
@TheGhostofElec1;1;;;;
@TheGreenParty;1;;;;
@TheJellicleCats;1;;;;
@TheLivingKira;1;;;;
@TheMarieOakes;1;;;;
@TheMarshallBell;1;;;;
@TheMikeOjie;1;;;;
@TheMilanAddict;1;;;;
@TheMonkeyOfFunk;1;;;;
@TheNFT_Academy;1;;;;
@TheOceanCleanup;1;;;;
@TheOnion;1;;;;
@ThePlanetaryGuy;1;;;;
@ThePrimalDino;1;;;;
@TheRadioBrock;1;;;;
@TheRashamiDesai;1;;;;
@TheRealEggman;1;;;;
@TheRealTypo;1;;;;
@TheRock;1;;;;
@TheSilver58;1;;;;
@TheTorontoSun;1;;;;
@TheWaveDealer1;1;;;;
@TheWiperParty;1;;;;
@The_10Percent;1;;;;
@The_Leaver;1;;;;
@The_Nationals;1;;;;
@The_Real_BiM;1;;;;
@Thinthest;1;;;;
@ThomB01;1;;;;
@ThomasBeyer;1;;;;
@ThomasGreek01;1;;;;
@ThomasTheGrey;1;;;;
@Thomaskrit;1;;;;
@ThoughtPillow;1;;;;
@TicTocOmmm;1;;;;
@Tiddapage;1;;;;
@TiffanyDCross;1;;;;
@TilghmanChris;1;;;;
@TimHarford;1;;;;
@TimHoustonNS;1;;;;
@TimOwensby;1;;;;
@TimRunsHisMouth;1;;;;
@TimRyan;1;;;;
@TimetoSanction;1;;;;
@Timmyhoover;1;;;;
@TimothyTobias2;1;;;;
@TinokiKoki;1;;;;
@TishaDogra;1;;;;
@TomCokeIsABlunt;1;;;;
@TomDickens19;1;;;;
@TomTiffanyWI;1;;;;
@Tom_Gann;1;;;;
@TomiLahren;1;;;;
@TommyHicksGOP;1;;;;
@TonamiPlayman;1;;;;
@ToneDigz;1;;;;
@ToniaBuxton;1;;;;
@Tony24004189;1;;;;
@ToothAngry;1;;;;
@ToraYome1;1;;;;
@TracesofTexas;1;;;;
@TractorLaw;1;;;;
@TradingChamp;1;;;;
@TradingEmpires;1;;;;
@TransAlt;1;;;;
@TreeeMendously;1;;;;
@TribLIVE;1;;;;
@Trilluminarian;1;;;;
@TristanKamin;1;;;;
@TropicSeaBreeze;1;;;;
@TropicalMaku;1;;;;
@TroyTeslike;1;;;;
@TrumpRussiaTies;1;;;;
@Truthsturbot;1;;;;
@TueborFrog;1;;;;
@Tuliodna;1;;;;
@TulsiGabbard;1;;;;
@TweetForTheMany;1;;;;
@TweetyMctwat;1;;;;
@TwitterBlue;1;;;;
@TwitterSpaces;1;;;;
@TyldesleyRUFC;1;;;;
@Tyrantorlicker;1;;;;
@TyreseMaxey;1;;;;
@U2;1;;;;
@UCBerkeley;1;;;;
@UKLabour;1;;;;
@UKParliament;1;;;;
@UKinZimbabwe;1;;;;
@UNESCO;1;;;;
@UNHCRAsia;1;;;;
@UNHCRgov;1;;;;
@UNICEF;1;;;;
@UPI;1;;;;
@UROCKlive1;1;;;;
@USAIDEthiopia;1;;;;
@USA_the_BTFL;1;;;;
@USConst_Amend_I;1;;;;
@USEmbassyAddis;1;;;;
@USMNT;1;;;;
@USNAVY_CHIEF1;1;;;;
@USNavy;1;;;;
@UTD_AFT1974;1;;;;
@Uber;1;;;;
@UberFacts;1;;;;
@UnCastellsMes;1;;;;
@UndercoverDane;1;;;;
@UnfilteredOnFox;1;;;;
@UniMelb;1;;;;
@UofOklahoma;1;;;;
@UpdatingOnRome;1;;;;
@UrbanKaoboy;1;;;;
@V1Zhual;1;;;;
@V1Zhual;1;;;;
@VVichelangelo;1;;;;
@VacxantlyK;1;;;;
@ValValpuriam;1;;;;
@ValaAfshar;1;;;;
@VanessaFazbear;1;;;;
@VaushV;1;;;;
@Vaxi2DaMaxi;1;;;;
@VaxxAll;1;;;;
@Vblegend101;1;;;;
@VetAndLuna;1;;;;
@VickiRussell62;1;;;;
@Vickie627;1;;;;
@VictoriaJustice;1;;;;
@VinceGottalotta;1;;;;
@VincentWagner_;1;;;;
@VirginAtlantic;1;;;;
@VivekSi85847001;1;;;;
@VoiceOfFranky;1;;;;
@Volscente79;1;;;;
@VoskCoin;1;;;;
@VoteRussell;1;;;;
@VoteSteveOwens;1;;;;
@W4DFS;1;;;;
@WAX_io;1;;;;
@WB_Baskerville;1;;;;
@WCCO;1;;;;
@WCHegemony;1;;;;
@WCVB;1;;;;
@WDSfire;1;;;;
@WFLARebecca;1;;;;
@WFP;1;;;;
@WGAEast;1;;;;
@WISCTV_News3;1;;;;
@WPXITonyRuffolo;1;;;;
@WR4NYGov;1;;;;
@WSJ;1;;;;
@WTAE;1;;;;
@WWF_Australia;1;;;;
@Waffles83928892;1;;;;
@WahmMaam;1;;;;
@WaitingOnBiden;1;;;;
@WajahatAli;1;;;;
@WalkerBragman;1;;;;
@WalterBlake1;1;;;;
@Wanderinglord;1;;;;
@WangariMaathai;1;;;;
@WarthongsZ;1;;;;
@Weather_West;1;;;;
@Webhead_91;1;;;;
@WeinsteinDr;1;;;;
@WelshLabour;1;;;;
@Wersula;1;;;;
@WheresTheHealth;1;;;;
@WhiskeyMD247365;1;;;;
@WilliamsRuto;1;;;;
@WillmorJ;1;;;;
@Willy1000;1;;;;
@WillyTheDegen;1;;;;
@WilsonWondered;1;;;;
@Wizarab10;1;;;;
@Wolvenone;1;;;;
@WorcesterBosch;1;;;;
@WxriskUpAllNite;1;;;;
@XRebellionUK;1;;;;
@XxWank;1;;;;
@YSEALI;1;;;;
@Ya_Missed_Me_;1;;;;
@Yahoo;1;;;;
@Yamiche;1;;;;
@Yankeepereira1;1;;;;
@YeOldeAvishai;1;;;;
@Yep_MeAgain;1;;;;
@YoSoyRyanDavis;1;;;;
@YoTotalAF;1;;;;
@Yochanan;1;;;;
@Yoofie2;1;;;;
@YourAnonNews;1;;;;
@Your_Energy_YW;1;;;;
@YukonBrandon;1;;;;
@ZLabe;1;;;;
@ZYanvary;1;;;;
@ZacMoselane;1;;;;
@ZacksJerryRig;1;;;;
@ZaidJilani;1;;;;
@ZanderCaufield;1;;;;
@ZaphodV;1;;;;
@ZaynJaffer;1;;;;
@Zesty_Jesus;1;;;;
@Ziyechman;1;;;;
@ZoomDi;1;;;;
@ZubyMusic;1;;;;
@ZupancicJareen;1;;;;
@_B_Contreras_;1;;;;
@_Casaxova;1;;;;
@_Dream_Out_Loud;1;;;;
@_HannahRitchie;1;;;;
@_JENNcoco;1;;;;
@_JonnyHotcakes;1;;;;
@_Kel_Varnsen_;1;;;;
@_Occultist;1;;;;
@_TeachtheFuture;1;;;;
@_TeeKeeMon;1;;;;
@_YoungJnr;1;;;;
@_YvonneBurton;1;;;;
@_Zzzane;1;;;;
@_celz;1;;;;
@_counterpoints_;1;;;;
@_cynde__;1;;;;
@_heatgeek;1;;;;
@_hiddenagenda;1;;;;
@_stah;1;;;;
@aGhoulfromEldia;1;;;;
@aakankshalovely;1;;;;
@abbieasr;1;;;;
@abcperth;1;;;;
@abetterben;1;;;;
@abline11;1;;;;
@accuweather;1;;;;
@aceCourtBot;1;;;;
@actiontiff;1;;;;
@actparty;1;;;;
@actually_yeah;1;;;;
@adamkotsko;1;;;;
@adamuoc;1;;;;
@adbrora;1;;;;
@aerialrose;1;;;;
@aeropolitics;1;;;;
@afewpoints;1;;;;
@agraybee;1;;;;
@ahardtospell;1;;;;
@ahartreports;1;;;;
@ahyeahstark;1;;;;
@airfrance;1;;;;
@ajTXOH;1;;;;
@ajplus;1;;;;
@ajthompson13;1;;;;
@akams_;1;;;;
@akim_eckert;1;;;;
@albelovichaarak;1;;;;
@alclark1776;1;;;;
@alexaforcouncil;1;;;;
@alexvv60;1;;;;
@alferdez.;1;;;;
@alij_;1;;;;
@alissamk72;1;;;;
@allanyo66585290;1;;;;
@almu1968;1;;;;
@alonlevi_;1;;;;
@alroker;1;;;;
@altskeptic;1;;;;
@always_broncos;1;;;;
@alwayslearni;1;;;;
@amamizura;1;;;;
@amazing_physics;1;;;;
@ambulanzen;1;;;;
@amenamyyy;1;;;;
@amilajack;1;;;;
@amyewalter;1;;;;
@andrew7rd;1;;;;
@andrewp109;1;;;;
@andrewwgold;1;;;;
@andsnz;1;;;;
@andymiah;1;;;;
@angeladewan;1;;;;
@angelavixii;1;;;;
@angieshermua;1;;;;
@angryseattle;1;;;;
@annaafhallstrom;1;;;;
@annaeck73;1;;;;
@antifacaliphate;1;;;;
@arianewilkinson;1;;;;
@arikring;1;;;;
@arindam1968;1;;;;
@arkangel129;1;;;;
@arpit_verma13;1;;;;
@arrow_bronze;1;;;;
@arthur_affect;1;;;;
@arunpudur;1;;;;
@ashbarty;1;;;;
@asimancas305;1;;;;
@asimplelightray;1;;;;
@askeyJ_56;1;;;;
@astroZman;1;;;;
@asubtlescream;1;;;;
@asymmetricinfo;1;;;;
@atTheTrack7;1;;;;
@atheist_bad;1;;;;
@atonal440;1;;;;
@atriana;1;;;;
@augusto_zis;1;;;;
@aus_mirai;1;;;;
@austethical;1;;;;
@austinbarnard45;1;;;;
@auto_schmidt;1;;;;
@automatrix66_KC;1;;;;
@aviralhimanshu;1;;;;
@ayachuco;1;;;;
@azcentral;1;;;;
@b7poo;1;;;;
@babxy_rxyes;1;;;;
@babyhandzjones;1;;;;
@badibulgator;1;;;;
@banitama;1;;;;
@banjidanny;1;;;;
@barfyman_362;1;;;;
@bariweiss;1;;;;
@barke_carol;1;;;;
@barronsonline;1;;;;
@barrow_jayne;1;;;;
@barrymanilow;1;;;;
@batfazturd;1;;;;
@bburnworth;1;;;;
@beach_token;1;;;;
@beaniebabeys;1;;;;
@behindthewoman1;1;;;;
@bellacaledonia;1;;;;
@beninati_cj;1;;;;
@benmagelsen;1;;;;
@bennessb;1;;;;
@bennyjohnson;1;;;;
@betateach;1;;;;
@betterthanNFTs;1;;;;
@bettypge69;1;;;;
@bgarlinghouse;1;;;;
@bigtastey22;1;;;;
@birdhillll;1;;;;
@bitterclingerpa;1;;;;
@black_victoria;1;;;;
@blklivesmcanada;1;;;;
@blockyblocknft;1;;;;
@blogTO;1;;;;
@bobbiejaneV;1;;;;
@bobbt2417;1;;;;
@bobhewitt17;1;;;;
@bobmindedness;1;;;;
@boggywood;1;;;;
@bombaybadboy;1;;;;
@bonifacemwangi;1;;;;
@bosherL;1;;;;
@bradenschramm11;1;;;;
@brandok991;1;;;;
@brandond_121;1;;;;
@breadandhiking;1;;;;
@brianbloop2;1;;;;
@brianstelter;1;;;;
@briantylercohen;1;;;;
@britcan71;1;;;;
@brithume;1;;;;
@britneyspears;1;;;;
@brittwray;1;;;;
@bronxgourmand;1;;;;
@brown_eyed_gal1;1;;;;
@browneaglewings;1;;;;
@brrrrrrrrrrrt;1;;;;
@bruce_haigh;1;;;;
@bruceharrell;1;;;;
@bruhman90002;1;;;;
@bueti;1;;;;
@burn_loot;1;;;;
@business;1;;;;
@businessamnl;1;;;;
@buxomly_sir;1;;;;
@cadburyggukie_;1;;;;
@californiawx;1;;;;
@cameronmoulene;1;;;;
@canadians_free;1;;;;
@cantbealexa;1;;;;
@capitalweather;1;;;;
@carmelitequotes;1;;;;
@carmenejogo;1;;;;
@carnegiescience;1;;;;
@carrielbjohnson's;1;;;;
@carterforva;1;;;;
@casertron3000;1;;;;
@catabreu_;1;;;;
@cathburns;1;;;;
@cbcnewsbc;1;;;;
@ccollins43;1;;;;
@cfax1070;1;;;;
@cfreespeech;1;;;;
@char_bangtan;1;;;;
@chesterlampkin;1;;;;
@chevrolet;1;;;;
@chibistevie1979;1;;;;
@chief420247;1;;;;
@chrisbrown;1;;;;
@chrissaccoccia1;1;;;;
@christheoracle;1;;;;
@chriswithtwoey1;1;;;;
@chucknicecomic;1;;;;
@chunder10;1;;;;
@chylaa;1;;;;
@cin__love;1;;;;
@citizentvkenya;1;;;;
@cityatlas;1;;;;
@ckuaradio;1;;;;
@cleveland19news;1;;;;
@cliftonaduncan;1;;;;
@climate_parent;1;;;;
"@climate_parent?""";1;;;;
@climatemessages;1;;;;
@clitheroerugby;1;;;;
@clivehbest;1;;;;
@cmkusher;1;;;;
@cncpinky;1;;;;
@coldbam;1;;;;
@coleman_peanut;1;;;;
@condimentset;1;;;;
@conor_matchett;1;;;;
@conspiracyb0t;1;;;;
@cooltxchick;1;;;;
@cottingham_sue;1;;;;
@covie_93;1;;;;
@cowboyangels;1;;;;
@cpettengill91;1;;;;
@cpoliticditto;1;;;;
@craigthomler;1;;;;
@crikey_news;1;;;;
@crislake;1;;;;
@cristinavas;1;;;;
@cryptobrandonft;1;;;;
@cscviews;1;;;;
@cspanJeremy;1;;;;
@cum_collin;1;;;;
@curbon7;1;;;;
@cyre2067;1;;;;
@d_ast777;1;;;;
@d_brownski;1;;;;
@dagenmcdowell;1;;;;
@dairyidfa;1;;;;
@dallas_comics;1;;;;
@damomac;1;;;;
@danielRndmNmbrs;1;;;;
@daniellemerrim1;1;;;;
@danilic;1;;;;
@darrenweeks1;1;;;;
@darthbonn;1;;;;
@davelanger2k;1;;;;
@davenewworld_2;1;;;;
@davestewart3;1;;;;
@david291809441;1;;;;
@david_starof;1;;;;
@davidbewart;1;;;;
@davidhindsmith;1;;;;
@davidmweissman;1;;;;
@davidnoland71;1;;;;
@davidschneider;1;;;;
@davidyoung13;1;;;;
@dayumnn_oofie;1;;;;
@dbongino;1;;;;
@deathmatchausen;1;;;;
@denise_dewald;1;;;;
@denislewin2021;1;;;;
@denisrancourt;1;;;;
@desjardins7;1;;;;
@dhaboy01;1;;;;
@diamonddog1959;1;;;;
@diaperdon2020;1;;;;
@diegoetorres;1;;;;
@dieseldave97;1;;;;
@dlsmith0817;1;;;;
@dnkrbywine;1;;;;
@docstevegallon;1;;;;
@doctorbuttons;1;;;;
@docuterror;1;;;;
@dogoftheroof;1;;;;
@dolle_robert;1;;;;
@domdyer70;1;;;;
@dominickd;1;;;;
@donlemon;1;;;;
@donshotcupid;1;;;;
@donwinslow;1;;;;
@doom_420;1;;;;
@doug_in_nc;1;;;;
@dougducey;1;;;;
@dougkammerer;1;;;;
@dr_kkjetelina;1;;;;
@drdavidsamadi;1;;;;
@drew84levit;1;;;;
@drlouisehansen;1;;;;
@drlucymcbride;1;;;;
@drmistercody;1;;;;
@drvolts;1;;;;
@drwaheeduddin;1;;;;
@dunkindonuts;1;;;;
@duryodan_;1;;;;
@dustin_davis_;1;;;;
@earthisaglobe;1;;;;
@earthsukh;1;;;;
@ebjjcomicnut;1;;;;
@ebruenig;1;;;;
@edginton_jane;1;;;;
@edinburgh1965;1;;;;
@ef_emp;1;;;;
@ejikemekassy2;1;;;;
@eldsjal;1;;;;
@electionlit;1;;;;
@ellies671;1;;;;
@emerxld3_;1;;;;
@emma_ducros;1;;;;
@emma_husar;1;;;;
@emmettimanu;1;;;;
@emmmzyne;1;;;;
@emollick;1;;;;
@emsops;1;;;;
@endotfworld;1;;;;
@enriqueabeyta;1;;;;
@epeterd916;1;;;;
@ercm;1;;;;
@ericswalwell;1;;;;
@esav333;1;;;;
@estherlimtf;1;;;;
@estoknes;1;;;;
@euronewsgreen;1;;;;
@evo_axiom;1;;;;
@ewarren;1;;;;
@exxonmobil;1;;;;
@fZ0ZmvX4bGD84lY;1;;;;
@faa;1;;;;
@fan_vor;1;;;;
@fantasticlegs;1;;;;
@faraha45;1;;;;
@farid_anvari;1;;;;
@farxiyafiskaa;1;;;;
@fascinatorfun;1;;;;
@fcukBrexit;1;;;;
@fema's;1;;;;
@ferayqui;1;;;;
@figuregirl774;1;;;;
@finjassauer;1;;;;
@fishyfish67;1;;;;
@fitterhappierAJ;1;;;;
@fkxdo3Wz1Q0zQBh;1;;;;
@flairlgvjohn;1;;;;
@flux_nomad;1;;;;
@fmbreon;1;;;;
@fmomboisse;1;;;;
@folktayl;1;;;;
@forecaster25;1;;;;
@fotogtom;1;;;;
@fox11news;1;;;;
@frankiemacd;1;;;;
@freddie78505115;1;;;;
@freevoice02;1;;;;
@freshell2;1;;;;
@fridge_girl;1;;;;
@frigamarrymepls;1;;;;
@from_hackney;1;;;;
@fuctmind;1;;;;
@funlovingNicole;1;;;;
@fuzzymittens;1;;;;
@fykyrymysy;1;;;;
@gal_feisty;1;;;;
@gardenmaven2;1;;;;
@garethkett;1;;;;
@gayassgator;1;;;;
@gazellagazella;1;;;;
@geertjanhahn;1;;;;
@gegaphotography;1;;;;
@gemagoldie;1;;;;
@geol_uk;1;;;;
@geotexasjew;1;;;;
@ggaulier;1;;;;
@gh2org;1;;;;
@giddy_bunny;1;;;;
@gilbertcawley;1;;;;
@gimmeabreak8;1;;;;
@gimmesomesweet1;1;;;;
@gingebelfast87;1;;;;
@gio56;1;;;;
@girls5by5;1;;;;
@glimmer517;1;;;;
@globalcmrpt;1;;;;
@globalnews;1;;;;
@gmangeegee;1;;;;
@gmbutts;1;;;;
@gmunny33;1;;;;
@goddamnshitpiss;1;;;;
@gogreta;1;;;;
@gojoe_joe;1;;;;
@goldie_brigitte;1;;;;
@googlemaps;1;;;;
@gooselakewx;1;;;;
@grantshapps;1;;;;
@grebigils;1;;;;
@greenbeltsal;1;;;;
@gregkellyusa;1;;;;
@grunblatt;1;;;;
@guardianeco;1;;;;
@guardianopinion;1;;;;
@guruChurchillKa;1;;;;
@gus_constantine;1;;;;
@guttertheband;1;;;;
@h4irforceone;1;;;;
@h_t_hewitt;1;;;;
@haamzp2;1;;;;
@hacks4pancakes;1;;;;
@haerycammel;1;;;;
@haide023;1;;;;
@hallMya74322764;1;;;;
@hamzehks;1;;;;
@hannaemilyy;1;;;;
@happyheathen01;1;;;;
@hateisevil;1;;;;
@heartie_jan;1;;;;
@heathwillow;1;;;;
@helgy2;1;;;;
@helloitsjulz;1;;;;
@hemantmehta;1;;;;
"@hen_ease""";1;;;;
@henryjwallis;1;;;;
@herrerillo_com;1;;;;
@hhrobbstark;1;;;;
@hiccorino;1;;;;
@hikingskiing;1;;;;
@hllsen;1;;;;
@hodlonaut;1;;;;
@hoffmanrich;1;;;;
@hogarakaboshi;1;;;;
@holliesmiles;1;;;;
@hopiumdolls;1;;;;
"@hrw""";1;;;;
@hubie_greiner;1;;;;
@human_clickbait;1;;;;
@iAMw0rthit;1;;;;
@iamisgo11;1;;;;
@ianbremmer;1;;;;
@ianhanomansing;1;;;;
@idnca;1;;;;
@ihatecrackers__;1;;;;
@iiixrx;1;;;;
@impinkestgirl;1;;;;
@imsuresteve;1;;;;
@inceltubbs;1;;;;
@infos_etc;1;;;;
@initiative_Insp;1;;;;
@inklessPW;1;;;;
@innaalrabak;1;;;;
@inquisitiveGoop;1;;;;
@instablog9ja;1;;;;
@inthebubblepod;1;;;;
@ioc;1;;;;
@iowahawkblog;1;;;;
@ispitzhotfire;1;;;;
@italianmaster;1;;;;
@itsJeffTiedrich;1;;;;
@itsmargie21;1;;;;
@itsmattnow;1;;;;
@ivanflis;1;;;;
@ivermectinforme;1;;;;
@j9orange13;1;;;;
@jack;1;;;;
@jack_jackweir1;1;;;;
@jakeshieldsajj;1;;;;
"@james_relativo""";1;;;;
@james_relativo;1;;;;
@jamesmdunn5;1;;;;
@jameswzegan85;1;;;;
@jamft;1;;;;
@jane__eden;1;;;;
@janusPrime;1;;;;
@jasdcs;1;;;;
@jasoncarrollcnn;1;;;;
@jasonhickel;1;;;;
@jay_mckinney;1;;;;
@jchristenson_;1;;;;
@jclarachan;1;;;;
@jdrichmond2020;1;;;;
@jeff77531528;1;;;;
@jennyrickson;1;;;;
@jeysonjeyson;1;;;;
@jflamo;1;;;;
@jgb00m;1;;;;
@jihaddibmp;1;;;;
@jillbalser;1;;;;
@jim27182;1;;;;
@jimmy_dore;1;;;;
@jimsciutto;1;;;;
@jjauthor;1;;;;
@jkenney;1;;;;
@joannaccherry;1;;;;
@joaocoholic;1;;;;
@joe_warmington;1;;;;
@joegarra61;1;;;;
@joelockhart;1;;;;
@johnnydork;1;;;;
@johnpavlovitz;1;;;;
@johnredwood;1;;;;
@johnrich;1;;;;
@johnzhao94;1;;;;
@joinourco;1;;;;
@joncoopertweets;1;;;;
@jonlevyBU;1;;;;
@jonlis1;1;;;;
@jorymicah;1;;;;
@joshboak;1;;;;
@joshdcaplan;1;;;;
@joshdqualls;1;;;;
@joshtpm;1;;;;
@josiahwsutton;1;;;;
@jowens510;1;;;;
@joypaincity;1;;;;
@joysamcyborg;1;;;;
@jritch;1;;;;
@judah47;1;;;;
@judylynne68;1;;;;
@juliaioffe;1;;;;
@juliej_won;1;;;;
@jurijfedorov;1;;;;
@jwfrompville;1;;;;
@jwhenderson214;1;;;;
@k00ffeine;1;;;;
@k_jenny7;1;;;;
@karaswisher;1;;;;
@karavoght;1;;;;
@kasie;1;;;;
@kate_edmonds_EU;1;;;;
@kathlyncterry;1;;;;
@kclepley;1;;;;
@kcranews;1;;;;
@keepstrugglin_;1;;;;
@keigh_see;1;;;;
@kelleyjsparks;1;;;;
@kenmroberts;1;;;;
@keriRN;1;;;;
@kevinburch;1;;;;
@kevingibbs47;1;;;;
@kevinla02670314;1;;;;
@kevinlgerhardt;1;;;;
@kevinnbass;1;;;;
@kgeremolla;1;;;;
@kickassAlert;1;;;;
@kidballgame;1;;;;
@kikirodi64;1;;;;
@killdang1;1;;;;
@kimhyegojin;1;;;;
@kimmarinesis;1;;;;
@kinjeketile;1;;;;
@kinsella_kerri;1;;;;
@kinsellawarren;1;;;;
@kippenopstok;1;;;;
@kithercbaby;1;;;;
@kittykittycartm;1;;;;
@kjwetherholt;1;;;;
@kmbc;1;;;;
@kooswiese;1;;;;
@kpac_15;1;;;;
@krannyman;1;;;;
@krezae;1;;;;
@krichards93;1;;;;
@kristof_mond;1;;;;
@kristyshl;1;;;;
@kross700;1;;;;
@ksin918;1;;;;
@kugrieshaber;1;;;;
@kurtatx;1;;;;
@kwhitaker_;1;;;;
@kyamamura;1;;;;
@kydrothree;1;;;;
@kylaschwaberow;1;;;;
@labankitele_jr;1;;;;
@labry_de;1;;;;
@latimes;1;;;;
@latingle;1;;;;
@laurenboebert;1;;;;
@laurenjiggetts;1;;;;
@lavenderrflower;1;;;;
@laydgeur;1;;;;
@lazyjones7;1;;;;
@ldog562;1;;;;
@leafwax;1;;;;
@lee7334;1;;;;
@leigh33479;1;;;;
@lenmyho;1;;;;
@lesedienhle_m;1;;;;
@lientje1967;1;;;;
@liminal_warmth;1;;;;
@lindarevey;1;;;;
@ling_zip;1;;;;
@lisa1118;1;;;;
@lisa20102019;1;;;;
@lisaquestions;1;;;;
@litlbitofgrace;1;;;;
@littlegiinge;1;;;;
@livebanana89;1;;;;
@liz_ninan;1;;;;
@lizwathuti;1;;;;
@localtouristgrl;1;;;;
@lordepilled;1;;;;
@lordthx1139;1;;;;
@lorigspeaks;1;;;;
@lowerhangingfr1;1;;;;
@luciabaezgeller;1;;;;
@lucvonani;1;;;;
@luger7777;1;;;;
@lulumeservey;1;;;;
@luvSB1;1;;;;
@lweisenthal;1;;;;
@lyft;1;;;;
@m3nac324;1;;;;
@m_yakimchuk;1;;;;
@mac_puck;1;;;;
@macsween_prue;1;;;;
@madandmatt;1;;;;
@madcow_moo;1;;;;
@maddi_kattt;1;;;;
@madgie1941;1;;;;
@maegutz;1;;;;
@mamaasahu;1;;;;
@manceraymond;1;;;;
@manifesto2000;1;;;;
@manishchandi;1;;;;
@manoraic;1;;;;
@marcatracy;1;;;;
@margokingston1;1;;;;
@marinahayy;1;;;;
@markets;1;;;;
@markgoldbridge;1;;;;
@marshallmaresca;1;;;;
@marsman1258;1;;;;
@maryfoxfirebird;1;;;;
@maryspring;1;;;;
@massedjustice;1;;;;
@massiliasuisse;1;;;;
@massteacher;1;;;;
@mathmomma24;1;;;;
@mattanurret;1;;;;
@matthewchat;1;;;;
@matthewrobb701;1;;;;
@matthewstoller;1;;;;
@mattjcan's;1;;;;
@mattwer3;1;;;;
@mattysino;1;;;;
@mawc1067;1;;;;
@maxplanations;1;;;;
@mazuretsky;1;;;;
@mboudry;1;;;;
@mcballz;1;;;;
@mchancecnn;1;;;;
@mchooyah;1;;;;
@mcuban;1;;;;
@mdccptaptsa;1;;;;
@mdrechsler;1;;;;
@mel_wright123;1;;;;
@metallooks;1;;;;
@metoffice;1;;;;
@metpoliceuk;1;;;;
@mikaelmilhoj;1;;;;
@mike_ord;1;;;;
@mikealfred;1;;;;
@mikebettes;1;;;;
@mikedohertynj;1;;;;
@mikegalsworthy;1;;;;
@mikemakowsky;1;;;;
@mikenactor;1;;;;
@mikenelson586;1;;;;
@miljopartiet;1;;;;
@mindfulknowing;1;;;;
@mitzijonelle;1;;;;
@mkstalin.;1;;;;
@moderob_;1;;;;
@mollyrubenlong;1;;;;
@moonpearl_amity;1;;;;
@moorehn;1;;;;
@moriartydg;1;;;;
@morpheusmarzena;1;;;;
@mosele15;1;;;;
@motownmutt;1;;;;
@mouls9;1;;;;
@mountaindewbyok;1;;;;
@mounties4free;1;;;;
@mpbowers;1;;;;
@mrS_laughter;1;;;;
@mr_Smith_Econ;1;;;;
@mrc314;1;;;;
@mrjamesob;1;;;;
@mrmarkdolan;1;;;;
@mshavisham;1;;;;
@msjanebond007;1;;;;
@mtobis;1;;;;
@mtomasky;1;;;;
@mtsw;1;;;;
@mulindwa_guy;1;;;;
@mun134340;1;;;;
@musictherapy;1;;;;
@mwalimu_dida;1;;;;
@mwilsonua;1;;;;
@mykat_mia;1;;;;
@myrtleSC1;1;;;;
@nadinecarroll;1;;;;
@naomitimperley;1;;;;
@napolcochon;1;;;;
@narenshankar;1;;;;
@nareshbareth;1;;;;
@nastyyfm;1;;;;
@nathaliejacoby1;1;;;;
@nathanTbernard;1;;;;
@nationalgriduk;1;;;;
@nature_org;1;;;;
@navdeepdahiya55;1;;;;
@nbcchicago;1;;;;
@ncdave4life's;1;;;;
@nealstephenson;1;;;;
@nedryun;1;;;;
@neilhimself;1;;;;
@neiltalksfooty;1;;;;
@neoclassic911;1;;;;
@nicholaSyaJ;1;;;;
@nick_will1972;1;;;;
@nicksalto;1;;;;
@nicolesandler;1;;;;
@nige4tographer;1;;;;
@nightwarrior603;1;;;;
@nikom0to;1;;;;
@ninjasquadnft;1;;;;
@nintendomad888;1;;;;
@nirav_mainecdc;1;;;;
@nntaleb;1;;;;
@no1_real_man;1;;;;
@noah_nonsense;1;;;;
@nomsayin1010;1;;;;
@nonyerem_;1;;;;
@nowlege1;1;;;;
@nsgov;1;;;;
@nspowerinc;1;;;;
@ntvuganda;1;;;;
@nytclimate;1;;;;
@odinn_sjalfr;1;;;;
@ohterrysogross;1;;;;
@okanepeter;1;;;;
@olena_cho;1;;;;
@olgaschmidt_;1;;;;
@ollie;1;;;;
@onefairwage;1;;;;
@onlineGhosh;1;;;;
@oooMONAooo;1;;;;
@opensea;1;;;;
@organizetheppl;1;;;;
@ousom;1;;;;
@oversaltedcat;1;;;;
@owillis;1;;;;
@palerider318;1;;;;
@paliefer;1;;;;
@pameladubsky49;1;;;;
@pangyre;1;;;;
@pankajsekh;1;;;;
@papaschu1;1;;;;
@parwana_amiri;1;;;;
@passerby1970;1;;;;
@patagonia;1;;;;
@patienceNabz;1;;;;
@patkensuno;1;;;;
@patricia_millin;1;;;;
@patriot_1776US;1;;;;
@patriottakes;1;;;;
@pazzo83;1;;;;
@pbhushan1;1;;;;
@pbump;1;;;;
@pdabrosca;1;;;;
@pdoocy;1;;;;
@peace1;1;;;;
@peepeebones;1;;;;
@peepsavenue;1;;;;
@pentney;1;;;;
@pepelep48542643;1;;;;
@pepperbutpriv;1;;;;
@petenick7;1;;;;
@peterbakernyt;1;;;;
@peterboghossian;1;;;;
@peterschweizer;1;;;;
@photoartist9;1;;;;
@pickeringenergy;1;;;;
@piercedgeek;1;;;;
@pierrejovanovic;1;;;;
@pinkheretic;1;;;;
@pinks8nt;1;;;;
@planning416;1;;;;
@platospal;1;;;;
@platypusadmirer;1;;;;
@plav1951;1;;;;
@pokimanelol;1;;;;
@polishwineguide;1;;;;
@politiolyc;1;;;;
@poppij;1;;;;
@pptsapper;1;;;;
@preinsko;1;;;;
@prewertdc;1;;;;
@pritipatel;1;;;;
@procm2;1;;;;
@prog_r0k;1;;;;
@projectm_org;1;;;;
@pspindloe;1;;;;
@pvb4mebm4a;1;;;;
@pvmagazine;1;;;;
@questionbot1776;1;;;;
@rabonour;1;;;;
@rachaiello;1;;;;
@radicalcentrst;1;;;;
@radsraghu;1;;;;
@rahmstorf;1;;;;
@rainmc;1;;;;
@ramalokot;1;;;;
@randomfrankp;1;;;;
@randyhillier;1;;;;
@rasengan_n;1;;;;
@rauchway;1;;;;
@raxpol;1;;;;
@razordawn_;1;;;;
@rcubed17;1;;;;
@re26803067;1;;;;
@realArmandKlein;1;;;;
@realRick_AUS;1;;;;
@realbobert;1;;;;
@realchrisrufo;1;;;;
@realumarriaz;1;;;;
@rebsince71;1;;;;
@reckless;1;;;;
@recroundrey;1;;;;
@redmayne_robert;1;;;;
@redsteeze;1;;;;
@reez_hehe;1;;;;
@repjimcooper;1;;;;
@replouiegohmert;1;;;;
@resiguru;1;;;;
@retweet_weather;1;;;;
"@rewiringamerica""";1;;;;
@rhsibley;1;;;;
@richardabetts;1;;;;
@richardmcolbeck;1;;;;
@richhaggerty;1;;;;
@richschwab1;1;;;;
@rineocerous;1;;;;
@rioujeanpierre;1;;;;
@riyadpasta7;1;;;;
@rjocore989;1;;;;
@rkempston;1;;;;
@rmc031;1;;;;
@rmille10;1;;;;
@rnsone;1;;;;
@ro20343536;1;;;;
@roadto2022en;1;;;;
@robertcourts;1;;;;
@roberth82437375;1;;;;
@robertnorton_;1;;;;
@robertscribbler;1;;;;
@rocket_xp;1;;;;
@rogermarksmen;1;;;;
@romps;1;;;;
@ronanburtenshaw;1;;;;
@room101b;1;;;;
@rosebud22x;1;;;;
@rosieshaw;1;;;;
@rospay15;1;;;;
@roteIndischer;1;;;;
@roussin_brent;1;;;;
@rsrap4;1;;;;
@rtesport;1;;;;
@ryanhanrahan;1;;;;
@sabir_zazai;1;;;;
@sahilkapur;1;;;;
@saifquadri;1;;;;
@saletan;1;;;;
@sanjanasinghx;1;;;;
@sanjukta;1;;;;
@saraharmillis;1;;;;
@sarahcbydesign;1;;;;
@sarahuhl;1;;;;
@saribethrose;1;;;;
@sassycoupleok;1;;;;
@satribesman;1;;;;
@scaevala;1;;;;
@schmevilagain;1;;;;
@scotgov;1;;;;
@scottdrum;1;;;;
@sd_and_anime;1;;;;
@sean_cardo;1;;;;
@sean_raycraft;1;;;;
@seangarballeyMA;1;;;;
@seanplowsis;1;;;;
@sebsteinig;1;;;;
@seesaw_luv7;1;;;;
@seirra171;1;;;;
@senatortesta;1;;;;
@sencorrado;1;;;;
@sensarpensar;1;;;;
@serenitynowplze;1;;;;
@sfchronicle;1;;;;
@sgabig;1;;;;
@shanakn;1;;;;
@shanedontgo;1;;;;
@shawna_burley;1;;;;
@sheetz;1;;;;
@shelly7160;1;;;;
@sheoaks1;1;;;;
@shicks_sam;1;;;;
@shivfiIms;1;;;;
@shrekthepunk;1;;;;
@sideen_dan;1;;;;
@simonahac;1;;;;
@simonemcgurk;1;;;;
@simonkelleher9;1;;;;
@simrin_sirur;1;;;;
@sinnedevol;1;;;;
@siobanvict;1;;;;
@sirbullycrypto;1;;;;
@sixthirtystan;1;;;;
@sjmwolf359;1;;;;
@sjresnick;1;;;;
"@skap5""";1;;;;
@skepticalzebra;1;;;;
@slayisthegoat;1;;;;
@slikrik2003;1;;;;
@slpng_giants_oz;1;;;;
@smalltownerin;1;;;;
@smit_fanie;1;;;;
@smpaine;1;;;;
@snezzr;1;;;;
@solana;1;;;;
@somaratheodore;1;;;;
@sonaliranade;1;;;;
@sonyasavage;1;;;;
@spellerwiix;1;;;;
@spellfireccg;1;;;;
@spiridono;1;;;;
@spiritfeeler;1;;;;
@spotarse;1;;;;
@squarerootsgrow;1;;;;
@sreynolds196777;1;;;;
@standardcombo;1;;;;
@starstrickenSF;1;;;;
@stckerr;1;;;;
@stefdelev;1;;;;
@stephendziedzic;1;;;;
@steve_bolger;1;;;;
@stevebousquet;1;;;;
@stevieanntas;1;;;;
@stickmasterluke);1;;;;
@stinarichard;1;;;;
@stirednotshakn;1;;;;
@stopthepewpew;1;;;;
@strongest_human;1;;;;
@stubennett1980;1;;;;
@stueyken;1;;;;
@suburbanpirate;1;;;;
@suddenlygarmo;1;;;;
@summerasana;1;;;;
@sundancefest;1;;;;
@sundhaug92;1;;;;
@sunny_hundal;1;;;;
@suntoktotheface;1;;;;
@surf_witch;1;;;;
@susan04071;1;;;;
@sutranation;1;;;;
@svershbow;1;;;;
@sweeneyrvs;1;;;;
@sweenyness;1;;;;
@sydney2m;1;;;;
@synthchub;1;;;;
@t5monkey;1;;;;
@t_skiper;1;;;;
@tabbyp1975;1;;;;
@tacobell;1;;;;
@taliysky;1;;;;
@tanyakrivenk;1;;;;
@taracdennehy;1;;;;
@tatsandfats;1;;;;
@tawaAlx;1;;;;
@teamsecret;1;;;;
@tedcruzand;1;;;;
@teddmanii;1;;;;
@teeteeteee3;1;;;;
@terrymorse;1;;;;
@teslaeconomist;1;;;;
@tfgwrites;1;;;;
@th1rt3en_TM;1;;;;
@tha_rami;1;;;;
@thatdrmaz;1;;;;
@thatguyreddevil;1;;;;
@thatpersianjew;1;;;;
@theHillisHome;1;;;;
@theIMEU;1;;;;
@theJagmeetSingh;1;;;;
@theWXauthority;1;;;;
@the_ecologist;1;;;;
@the_jezza;1;;;;
@the_transit_guy;1;;;;
@the_under_score;1;;;;
@theage;1;;;;
@thedeanpodcast;1;;;;
@thedomeabove;1;;;;
@thegrimbarian;1;;;;
@thehill;1;;;;
@thelindsayellis;1;;;;
@theloftusparty;1;;;;
@them_wings;1;;;;
@thematthewcooke;1;;;;
@theneedledrop;1;;;;
@thenickcorby;1;;;;
@thenorthsouth_;1;;;;
@thepennyhoarder;1;;;;
@thereal_truther;1;;;;
@therecount;1;;;;
@theroots;1;;;;
@thesecondellen;1;;;;
@thezenofzero;1;;;;
@thierrybaudet;1;;;;
@thirsty_just;1;;;;
@this_vid;1;;;;
@thisisdoable;1;;;;
@thndrdude;1;;;;
@tiffany_caban;1;;;;
@tigertimothy;1;;;;
@timatkin;1;;;;
@timestribune;1;;;;
@timthetatman;1;;;;
@tinky2021;1;;;;
@tit_twatter;1;;;;
@tnicholsmd;1;;;;
@tobesolouist;1;;;;
@tobyperkinsmp;1;;;;
@tokenheadio;1;;;;
@tomflood1;1;;;;
@tomwarren;1;;;;
@tonymc39;1;;;;
@torpet002;1;;;;
@torreymspears;1;;;;
@totenviro;1;;;;
@toxidrone;1;;;;
@trackhawker;1;;;;
@tractorgirly;1;;;;
@tragicbirdapp;1;;;;
@transkatgirl;1;;;;
@transportevolve;1;;;;
@travisfortnum;1;;;;
@trevorjtweets;1;;;;
@trick31399;1;;;;
@tricoter;1;;;;
@tropoFarmer;1;;;;
@trublutsu;1;;;;
"@trussliz""";1;;;;
@truthtrumps1;1;;;;
@tszzl;1;;;;
@tuberwareftw;1;;;;
@turkeysforlife;1;;;;
@tweetoflbc;1;;;;
@twilamoon;1;;;;
@tylerama;1;;;;
@ugramveeram123;1;;;;
@uk_protect;1;;;;
@unafghanistan;1;;;;
@undisputed;1;;;;
@unicefbrasil;1;;;;
"@unnati_pawar""";1;;;;
@unusual_whales;1;;;;
@uoc_business;1;;;;
@uochester;1;;;;
@upchuck66;1;;;;
@upprside;1;;;;
@usckevinnguyen;1;;;;
@ushbear;1;;;;
@vaanhold;1;;;;
@vanessa_vash;1;;;;
@vannschaffner;1;;;;
@vegansidekick;1;;;;
@vet_101;1;;;;
@vicpdcanada;1;;;;
@vinayG__;1;;;;
@virtbets;1;;;;
@vivinjazz;1;;;;
@vixin757;1;;;;
@votebergen;1;;;;
@voxsartoria;1;;;;
@vwaddley;1;;;;
@wac1141;1;;;;
@wanderer_bolton;1;;;;
@wang_yin_chi;1;;;;
@was3210;1;;;;
@washingtonpost;1;;;;
@watermole6;1;;;;
@watt4prez;1;;;;
@wawasense;1;;;;
@waweru;1;;;;
@wayofftheres;1;;;;
@waywardmegan15;1;;;;
"@wbrewyou""";1;;;;
@wbz;1;;;;
@wdavison10;1;;;;
@weathernetwork;1;;;;
@westcoastplur;1;;;;
@westernmulga;1;;;;
@wgervais;1;;;;
@wgrzMichael;1;;;;
@whatevsguys;1;;;;
@whatgives1313;1;;;;
@whiteboymute;1;;;;
@whitehouse1550;1;;;;
@whobetta416;1;;;;
@wild68223259;1;;;;
@willnunley;1;;;;
@winknews;1;;;;
@winninglockard;1;;;;
@withFND.🧊🐻‍❄️;1;;;;
@withdaflatgy;1;;;;
@wkufans2;1;;;;
@wlcarp1;1;;;;
@wlwlucas;1;;;;
@wmbfnews;1;;;;
@wolfblitzer;1;;;;
@wonderwox;1;;;;
@woodlandbirder;1;;;;
@workingjubilee;1;;;;
@worrski_;1;;;;
@wraithofmoon;1;;;;
@wsvn;1;;;;
@wxyzdetroit;1;;;;
@xkcd;1;;;;
@xtro;1;;;;
@yiftahc;1;;;;
@yogscast;1;;;;
@yoly54128913;1;;;;
@youlooklikeamom;1;;;;
@yvonnecar20;1;;;;
@zacbrownband;1;;;;
@zei_squirrel;1;;;;
@zennginger;1;;;;
@ziggywilde;1;;;;
